選手名,球団,年度,ポジション,対左打席数または打数,対左安打数,対左打数,対右打席数または打数,対右安打数,対右打数
オースティン,DeNA,2021,外野手,112,27,95,327,86,278
ソト,DeNA,2021,内野手,121,27,108,329,69,302
伊藤 光,DeNA,2021,捕手,50,7,38,142,27,122
伊藤 裕季也,DeNA,2021,内野手,2,0,2,,,
益子 京右,DeNA,2021,捕手,1,0,1,4,1,4
乙坂 智,DeNA,2021,外野手,3,0,2,17,4,17
蝦名 達夫,DeNA,2021,外野手,13,3,11,8,0,7
関根 大気,DeNA,2021,外野手,20,5,15,119,23,109
宮本 秀明,DeNA,2021,外野手,2,0,2,9,2,8
桑原 将志,DeNA,2021,外野手,172,55,152,398,106,367
戸柱 恭孝,DeNA,2021,捕手,33,9,31,101,19,96
佐野 恵太,DeNA,2021,外野手,183,58,170,431,107,375
細川 成也,DeNA,2021,外野手,29,6,26,15,0,13
山本 祐大,DeNA,2021,捕手,27,3,24,84,10,75
柴田 竜拓,DeNA,2021,内野手,39,5,28,226,47,194
森 敬斗,DeNA,2021,内野手,17,1,16,96,19,87
神里 和毅,DeNA,2021,外野手,22,6,21,95,15,89
倉本 寿彦,DeNA,2021,内野手,14,2,14,60,13,58
大和,DeNA,2021,内野手,97,19,91,194,49,179
中井 大介,DeNA,2021,内野手,10,1,10,5,1,5
楠本 泰史,DeNA,2021,外野手,28,6,25,98,23,89
牧 秀悟,DeNA,2021,内野手,139,45,130,384,108,357
嶺井 博希,DeNA,2021,捕手,39,8,35,41,6,39
髙城 俊人,DeNA,2021,捕手,1,0,0,6,1,4
T-岡田,オリックス,2021,外野手,71,12,59,332,74,298
ジョーンズ,オリックス,2021,外野手,62,14,48,117,22,106
モヤ,オリックス,2021,外野手,83,21,77,290,60,277
ラベロ,オリックス,2021,内野手,,,,7,3,7
安達 了一,オリックス,2021,内野手,103,28,92,279,55,229
宜保 翔,オリックス,2021,内野手,2,0,1,26,4,24
吉田 正尚,オリックス,2021,外野手,132,38,110,317,94,279
後藤 駿太,オリックス,2021,外野手,2,0,2,15,2,14
紅林 弘太郎,オリックス,2021,内野手,94,21,92,379,81,356
佐野 如一,オリックス,2021,外野手,,,,9,0,8
佐野 皓大,オリックス,2021,外野手,51,8,48,36,4,34
山足 達也,オリックス,2021,内野手,10,1,8,29,8,25
若月 健矢,オリックス,2021,捕手,34,7,28,106,18,89
宗 佑磨,オリックス,2021,外野手,120,30,106,422,101,375
勝俣 翔貴,オリックス,2021,内野手,,,,1,0,1
小田 裕也,オリックス,2021,外野手,2,0,1,16,1,14
松井 雅人,オリックス,2021,捕手,,,,7,0,7
杉本 裕太郎,オリックス,2021,外野手,125,33,106,415,111,372
西村 凌,オリックス,2021,外野手,9,1,8,36,8,34
西野 真弘,オリックス,2021,内野手,5,0,5,37,6,36
太田 椋,オリックス,2021,内野手,43,9,43,116,17,108
大下 誠一郎,オリックス,2021,内野手,7,1,7,20,3,18
大城 滉二,オリックス,2021,内野手,22,5,18,49,6,43
中川 圭太,オリックス,2021,内野手,60,7,57,109,26,99
頓宮 裕真,オリックス,2021,捕手,34,6,29,91,20,83
伏見 寅威,オリックス,2021,捕手,55,7,48,207,45,190
福田 周平,オリックス,2021,内野手,106,25,94,365,87,314
来田 涼斗,オリックス,2021,外野手,4,2,4,71,13,67
アルバレス,ソフトバンク,2021,外野手,12,0,10,28,6,27
グラシアル,ソフトバンク,2021,内野手,42,8,35,108,34,103
デスパイネ,ソフトバンク,2021,外野手,79,13,63,229,56,198
リチャード,ソフトバンク,2021,内野手,29,4,26,87,15,79
海野 隆司,ソフトバンク,2021,捕手,,,,5,1,4
釜元 豪,ソフトバンク,2021,外野手,2,0,2,8,5,8
九鬼 隆平,ソフトバンク,2021,捕手,,,,2,1,2
栗原 陵矢,ソフトバンク,2021,捕手,161,40,137,434,106,394
甲斐 拓也,ソフトバンク,2021,捕手,114,20,100,365,72,305
今宮 健太,ソフトバンク,2021,内野手,115,22,102,298,56,263
佐藤 直樹,ソフトバンク,2021,外野手,2,0,1,9,0,8
三森 大貴,ソフトバンク,2021,内野手,82,30,76,263,52,253
周東 佑京,ソフトバンク,2021,内野手,37,7,32,151,27,137
松田 宣浩,ソフトバンク,2021,内野手,92,23,80,297,60,274
上林 誠知,ソフトバンク,2021,外野手,5,2,4,67,11,64
真砂 勇介,ソフトバンク,2021,外野手,47,13,45,77,16,69
川瀬 晃,ソフトバンク,2021,内野手,3,1,2,27,4,25
川島 慶三,ソフトバンク,2021,内野手,77,13,67,45,13,42
谷川原 健太,ソフトバンク,2021,捕手,10,0,9,47,7,39
中村 晃,ソフトバンク,2021,外野手,148,31,129,404,82,333
牧原 大成,ソフトバンク,2021,内野手,62,14,56,230,62,217
明石 健志,ソフトバンク,2021,内野手,9,3,8,86,14,76
野村 大樹,ソフトバンク,2021,内野手,6,1,6,13,2,11
柳町 達,ソフトバンク,2021,外野手,2,0,2,52,11,46
柳田 悠岐,ソフトバンク,2021,外野手,172,50,159,415,105,357
髙谷 裕亮,ソフトバンク,2021,捕手,3,0,3,14,4,14
髙田 知季,ソフトバンク,2021,内野手,6,0,4,11,2,8
オスナ,ヤクルト,2021,内野手,156,43,138,338,78,331
サンタナ,ヤクルト,2021,外野手,121,34,110,296,74,262
塩見 泰隆,ヤクルト,2021,外野手,173,49,162,360,83,312
奥村 展征,ヤクルト,2021,内野手,4,1,4,17,0,16
吉田 大成,ヤクルト,2021,内野手,15,1,10,37,8,30
元山 飛優,ヤクルト,2021,内野手,35,9,30,198,44,179
古賀 優大,ヤクルト,2021,捕手,36,8,35,89,18,81
荒木 貴裕,ヤクルト,2021,内野手,35,5,29,32,6,26
坂口 智隆,ヤクルト,2021,外野手,21,4,18,36,4,32
山崎 晃大朗,ヤクルト,2021,外野手,68,13,60,177,40,155
山田 哲人,ヤクルト,2021,内野手,188,49,159,393,85,334
松本 友,ヤクルト,2021,内野手,2,1,2,38,11,32
西浦 直亨,ヤクルト,2021,内野手,122,25,107,151,29,135
西田 明央,ヤクルト,2021,捕手,9,1,9,10,1,9
青木 宣親,ヤクルト,2021,外野手,179,45,161,321,70,285
川端 慎吾,ヤクルト,2021,内野手,13,4,12,79,28,74
村上 宗隆,ヤクルト,2021,内野手,206,56,177,406,83,324
太田 賢吾,ヤクルト,2021,内野手,13,2,13,66,14,59
中山 翔太,ヤクルト,2021,外野手,9,1,7,5,0,4
中村 悠平,ヤクルト,2021,捕手,135,34,116,310,71,261
長岡 秀樹,ヤクルト,2021,内野手,1,0,1,9,0,8
渡邉 大樹,ヤクルト,2021,外野手,16,2,13,26,4,22
嶋 基宏,ヤクルト,2021,捕手,4,0,2,11,2,8
内山 壮真,ヤクルト,2021,捕手,3,0,2,3,0,3
内川 聖一,ヤクルト,2021,内野手,22,5,20,33,6,33
武岡 龍世,ヤクルト,2021,内野手,,,,4,1,4
並木 秀尊,ヤクルト,2021,外野手,2,0,1,4,1,3
雄平,ヤクルト,2021,外野手,1,1,1,1,0,1
エチェバリア,ロッテ,2021,内野手,55,10,52,161,32,155
マーティン,ロッテ,2021,外野手,133,25,115,364,72,301
レアード,ロッテ,2021,内野手,125,35,113,419,92,372
安田 尚憲,ロッテ,2021,内野手,99,19,90,301,66,262
井上 晴哉,ロッテ,2021,内野手,6,1,6,47,9,45
岡 大海,ロッテ,2021,外野手,63,14,56,121,25,105
荻野 貴司,ロッテ,2021,外野手,155,47,139,488,122,431
加藤 匠馬,ロッテ,2021,捕手,32,2,26,91,8,79
柿沼 友哉,ロッテ,2021,捕手,14,1,8,51,6,41
角中 勝也,ロッテ,2021,外野手,71,14,58,253,53,217
吉田 裕太,ロッテ,2021,捕手,5,0,4,5,1,5
江村 直也,ロッテ,2021,捕手,3,0,1,7,1,5
佐藤 都志也,ロッテ,2021,捕手,26,1,23,128,26,109
三木 亮,ロッテ,2021,内野手,3,1,2,8,0,7
山口 航輝,ロッテ,2021,外野手,70,14,63,158,28,140
宗接 唯人,ロッテ,2021,捕手,,,,1,0,1
小窪 哲也,ロッテ,2021,内野手,7,1,7,12,0,11
小川 龍成,ロッテ,2021,内野手,1,0,1,5,0,5
菅野 剛士,ロッテ,2021,外野手,13,2,11,62,11,56
中村 奨吾,ロッテ,2021,内野手,150,33,125,464,110,381
鳥谷 敬,ロッテ,2021,内野手,20,3,18,41,6,35
田村 龍弘,ロッテ,2021,捕手,50,10,44,115,22,92
藤岡 裕大,ロッテ,2021,内野手,130,27,122,362,83,310
藤原 恭大,ロッテ,2021,外野手,59,8,51,195,39,166
福田 秀平,ロッテ,2021,外野手,,,,13,1,12
和田 康士朗,ロッテ,2021,外野手,4,0,4,20,5,15
髙部 瑛斗,ロッテ,2021,外野手,11,2,10,58,6,45
髙濱 卓也,ロッテ,2021,内野手,1,0,1,8,1,7
オコエ 瑠偉,楽天,2021,外野手,25,3,23,86,18,72
カスティーヨ,楽天,2021,外野手,29,9,28,46,7,43
ディクソン,楽天,2021,内野手,45,5,40,78,13,68
横尾 俊建,楽天,2021,内野手,29,3,25,39,8,36
岡島 豪郎,楽天,2021,外野手,166,42,154,341,87,307
下妻 貴寛,楽天,2021,捕手,9,2,9,18,2,14
下水流 昂,楽天,2021,外野手,5,1,5,5,0,5
岩見 雅紀,楽天,2021,外野手,4,0,3,4,1,4
銀次,楽天,2021,内野手,42,10,39,62,16,52
黒川 史陽,楽天,2021,内野手,12,3,10,68,11,65
山﨑 剛,楽天,2021,内野手,63,10,58,130,33,110
小郷 裕哉,楽天,2021,外野手,22,4,20,66,10,57
小深田 大翔,楽天,2021,内野手,157,29,128,298,68,263
浅村 栄斗,楽天,2021,内野手,192,45,163,398,85,320
足立 祐一,楽天,2021,捕手,9,0,7,11,1,10
村林 一輝,楽天,2021,内野手,23,4,20,24,2,20
太田 光,楽天,2021,捕手,101,16,87,180,29,153
辰己 涼介,楽天,2021,外野手,142,25,124,301,59,250
炭谷 銀仁朗,楽天,2021,捕手,54,13,49,123,19,104
田中 貴也,楽天,2021,捕手,8,0,7,35,10,31
田中 和基,楽天,2021,外野手,36,8,31,31,0,28
渡邊 佳明,楽天,2021,内野手,31,4,26,82,23,73
島内 宏明,楽天,2021,外野手,209,49,171,389,76,315
内田 靖人,楽天,2021,内野手,25,6,22,35,5,32
武藤 敦貴,楽天,2021,外野手,,,,19,2,19
茂木 栄五郎,楽天,2021,内野手,170,37,149,296,69,261
鈴木 大地,楽天,2021,内野手,226,58,196,402,95,356
和田 恋,楽天,2021,外野手,6,2,5,3,0,3
ウィーラー,巨人,2021,内野手,166,36,145,260,75,239
ウレーニャ,巨人,2021,内野手,2,0,2,3,0,3
ハイネマン,巨人,2021,外野手,13,1,11,15,3,14
岡本 和真,巨人,2021,内野手,182,42,161,406,96,360
梶谷 隆幸,巨人,2021,外野手,78,20,70,168,44,157
丸 佳浩,巨人,2021,外野手,145,31,126,312,73,266
岸田 行倫,巨人,2021,捕手,16,4,15,8,0,7
亀井 善行,巨人,2021,外野手,32,4,30,174,36,156
吉川 尚輝,巨人,2021,内野手,81,17,76,246,66,229
香月 一也,巨人,2021,内野手,5,1,4,62,11,55
坂本 勇人,巨人,2021,内野手,160,44,141,323,71,283
若林 晃弘,巨人,2021,内野手,64,9,53,178,42,160
秋広 優人,巨人,2021,内野手,,,,1,0,1
重信 慎之介,巨人,2021,外野手,8,1,7,78,16,71
小林 誠司,巨人,2021,捕手,47,5,46,32,2,29
松原 聖弥,巨人,2021,外野手,151,29,135,327,89,297
石川 慎吾,巨人,2021,外野手,39,7,35,2,0,2
増田 大輝,巨人,2021,内野手,9,0,8,16,3,14
大城 卓三,巨人,2021,捕手,97,17,89,285,63,258
中田 翔,巨人,2021,内野手,94,17,82,162,23,144
中島 宏之,巨人,2021,内野手,82,22,76,112,27,105
湯浅 大,巨人,2021,内野手,9,5,9,4,0,4
八百板 卓丸,巨人,2021,外野手,,,,12,2,12
北村 拓己,巨人,2021,内野手,48,10,43,54,13,49
陽 岱鋼,巨人,2021,外野手,6,1,6,1,0,1
立岡 宗一郎,巨人,2021,外野手,3,1,2,44,8,42
廣岡 大志,巨人,2021,内野手,81,13,74,36,7,32
クロン,広島,2021,内野手,39,11,35,98,19,95
メヒア,広島,2021,内野手,20,5,17,20,3,20
安部 友裕,広島,2021,内野手,20,4,19,148,34,132
磯村 嘉孝,広島,2021,捕手,18,2,17,21,4,18
宇草 孔基,広島,2021,外野手,61,19,57,97,24,91
羽月 隆太郎,広島,2021,内野手,26,5,22,91,21,80
菊池 涼介,広島,2021,内野手,168,46,154,372,91,340
坂倉 将吾,広島,2021,捕手,149,44,136,335,89,286
三好 匠,広島,2021,内野手,8,0,7,5,0,4
小園 海斗,広島,2021,内野手,169,49,157,311,85,292
松山 竜平,広島,2021,外野手,53,14,49,141,32,126
上本 崇司,広島,2021,内野手,36,6,31,32,9,24
正隨 優弥,広島,2021,外野手,23,3,22,4,0,4
西川 龍馬,広島,2021,外野手,188,43,167,362,101,337
石原 貴規,広島,2021,捕手,59,15,55,65,12,58
曽根 海成,広島,2021,内野手,1,0,1,5,0,4
大盛 穂,広島,2021,外野手,6,1,6,35,9,31
中村 奨成,広島,2021,捕手,39,10,35,22,5,18
長野 久義,広島,2021,外野手,78,17,74,63,10,52
田中 広輔,広島,2021,内野手,49,10,40,111,18,96
堂林 翔太,広島,2021,内野手,71,11,68,72,15,69
野間 峻祥,広島,2021,外野手,88,21,78,182,47,172
矢野 雅哉,広島,2021,内野手,1,0,1,5,0,5
林 晃汰,広島,2021,内野手,122,27,114,252,68,243
鈴木 誠也,広島,2021,外野手,166,44,133,362,94,302
會澤 翼,広島,2021,捕手,52,15,48,151,31,132
サンズ,阪神,2021,外野手,163,31,139,299,70,271
マルテ,阪神,2021,内野手,179,45,153,346,70,293
ロハス・ジュニア,阪神,2021,外野手,64,9,61,142,32,128
近本 光司,阪神,2021,外野手,239,69,223,373,109,346
熊谷 敬宥,阪神,2021,内野手,4,0,4,2,0,1
原口 文仁,阪神,2021,捕手,29,3,22,29,7,27
江越 大賀,阪神,2021,外野手,2,0,2,1,0,1
佐藤 輝明,阪神,2021,内野手,164,38,154,287,63,271
坂本 誠志郎,阪神,2021,捕手,30,5,27,43,7,38
山本 泰寛,阪神,2021,内野手,36,7,32,15,1,11
糸井 嘉男,阪神,2021,外野手,22,2,19,97,20,87
糸原 健斗,阪神,2021,内野手,182,42,164,306,84,277
小幡 竜平,阪神,2021,内野手,2,1,2,23,5,21
小野寺 暖,阪神,2021,外野手,51,9,45,22,3,22
植田 海,阪神,2021,内野手,3,2,3,4,0,3
大山 悠輔,阪神,2021,内野手,179,51,163,332,70,303
中野 拓夢,阪神,2021,内野手,196,44,174,325,83,292
島田 海吏,阪神,2021,外野手,15,0,12,63,17,58
梅野 隆太郎,阪神,2021,捕手,162,29,136,293,62,268
板山 祐太郎,阪神,2021,外野手,2,0,2,15,2,12
北條 史也,阪神,2021,内野手,36,8,32,21,2,18
木浪 聖也,阪神,2021,内野手,28,5,22,104,22,97
陽川 尚将,阪神,2021,内野手,27,4,27,24,4,19
スパンジェンバーグ,西武,2021,内野手,72,17,62,140,25,119
ブランドン,西武,2021,内野手,32,9,30,52,11,51
愛斗,西武,2021,外野手,87,16,78,229,48,214
岡田 雅利,西武,2021,捕手,21,4,14,34,1,28
外崎 修汰,西武,2021,内野手,70,13,62,230,43,192
岸 潤一郎,西武,2021,外野手,85,16,74,253,51,230
金子 侑司,西武,2021,外野手,53,8,49,167,30,149
熊代 聖人,西武,2021,外野手,4,2,3,5,0,4
栗山 巧,西武,2021,外野手,111,22,99,336,75,289
源田 壮亮,西武,2021,内野手,126,32,114,390,94,350
戸川 大輔,西武,2021,外野手,3,0,2,15,1,15
呉 念庭,西武,2021,内野手,124,28,112,353,73,313
綱島 龍生,西武,2021,内野手,,,,3,0,3
高木 渉,西武,2021,外野手,5,0,5,12,1,10
山川 穂高,西武,2021,内野手,101,22,85,313,61,273
山田 遥楓,西武,2021,内野手,49,10,40,124,19,107
山野辺 翔,西武,2021,内野手,9,3,8,30,4,28
若林 楽人,西武,2021,外野手,37,7,33,124,33,111
森 友哉,西武,2021,捕手,134,36,115,385,97,316
西川 愛也,西武,2021,外野手,,,,27,0,20
川越 誠司,西武,2021,外野手,32,7,28,142,29,132
中村 剛也,西武,2021,内野手,91,20,81,382,102,349
柘植 世那,西武,2021,捕手,19,5,17,53,9,48
渡部 健人,西武,2021,内野手,4,1,4,13,0,12
平沼 翔太,西武,2021,内野手,19,4,17,79,12,68
鈴木 将平,西武,2021,外野手,3,0,1,39,6,37
A.マルティネス,中日,2021,捕手,33,5,30,60,15,52
ビシエド,中日,2021,内野手,147,33,135,372,99,345
阿部 寿樹,中日,2021,内野手,44,5,38,196,40,177
伊藤 康祐,中日,2021,外野手,9,1,8,12,0,11
井領 雅貴,中日,2021,外野手,15,4,14,53,10,50
岡林 勇希,中日,2021,外野手,29,6,28,33,9,31
加藤 翔平,中日,2021,外野手,63,13,57,110,19,95
京田 陽太,中日,2021,内野手,153,34,143,295,71,266
郡司 裕也,中日,2021,捕手,6,3,5,9,3,8
桂 依央利,中日,2021,捕手,25,4,25,50,14,46
溝脇 隼人,中日,2021,内野手,9,1,9,37,10,32
高橋 周平,中日,2021,内野手,160,28,148,358,95,327
根尾 昂,中日,2021,内野手,53,7,45,135,23,124
三ツ俣 大樹,中日,2021,内野手,50,10,40,88,16,77
山下 斐紹,中日,2021,捕手,,,,10,1,10
石岡 諒太,中日,2021,内野手,,,,11,1,11
石垣 雅海,中日,2021,内野手,6,1,5,5,0,5
石橋 康太,中日,2021,捕手,4,0,4,12,2,10
大島 洋平,中日,2021,外野手,199,56,179,392,104,369
大野 奨太,中日,2021,捕手,5,0,5,10,2,9
滝野 要,中日,2021,外野手,2,0,2,28,3,27
渡辺 勝,中日,2021,外野手,51,12,50,83,13,69
土田 龍空,中日,2021,内野手,2,1,2,5,1,3
藤井 淳志,中日,2021,外野手,,,,1,0,1
堂上 直倫,中日,2021,内野手,86,15,78,148,33,141
武田 健吾,中日,2021,外野手,14,2,12,27,3,26
福田 永将,中日,2021,内野手,106,18,89,200,50,191
福留 孝介,中日,2021,外野手,46,10,43,169,32,150
平田 良介,中日,2021,外野手,15,3,14,47,6,44
木下 拓哉,中日,2021,捕手,104,17,89,288,78,264
髙松 渡,中日,2021,内野手,27,3,25,96,25,87
R.ロドリゲス,日本ハム,2021,内野手,26,3,25,98,21,96
宇佐見 真吾,日本ハム,2021,捕手,12,0,10,45,5,33
宮田 輝星,日本ハム,2021,外野手,1,0,1,1,0,1
近藤 健介,日本ハム,2021,外野手,158,50,137,385,83,310
郡 拓也,日本ハム,2021,捕手,29,6,28,48,7,41
五十幡 亮汰,日本ハム,2021,外野手,16,4,15,68,14,65
今川 優馬,日本ハム,2021,外野手,13,2,13,17,0,15
佐藤 龍世,日本ハム,2021,内野手,35,11,31,95,14,87
松本 剛,日本ハム,2021,外野手,38,11,35,66,13,57
上野 響平,日本ハム,2021,内野手,1,0,1,1,0,1
杉谷 拳士,日本ハム,2021,内野手,25,1,21,69,8,57
清水 優心,日本ハム,2021,捕手,71,15,59,185,29,155
石井 一成,日本ハム,2021,内野手,69,15,59,252,49,225
石川 亮,日本ハム,2021,捕手,26,2,24,98,18,85
大田 泰示,日本ハム,2021,外野手,61,11,59,144,28,132
谷内 亮太,日本ハム,2021,内野手,12,3,10,32,4,29
中島 卓也,日本ハム,2021,内野手,27,2,25,90,16,72
鶴岡 慎也,日本ハム,2021,捕手,5,2,4,15,3,15
田宮 裕涼,日本ハム,2021,捕手,,,,1,0,1
渡邉 諒,日本ハム,2021,内野手,77,18,65,247,50,216
万波 中正,日本ハム,2021,外野手,38,8,36,95,17,90
木村 文紀,日本ハム,2021,外野手,36,10,33,56,2,46
野村 佑希,日本ハム,2021,内野手,103,21,95,291,78,276
淺間 大基,日本ハム,2021,外野手,96,22,91,361,81,320
オースティン,DeNA,2022,外野手,6,0,6,31,5,26
ソト,DeNA,2022,内野手,100,18,90,311,80,278
伊藤 光,DeNA,2022,捕手,24,8,22,76,18,72
益子 京右,DeNA,2022,捕手,,,,2,0,1
蝦名 達夫,DeNA,2022,外野手,66,16,61,115,23,97
梶原 昂希,DeNA,2022,外野手,4,0,4,11,4,11
関根 大気,DeNA,2022,外野手,58,18,54,167,33,147
宮本 秀明,DeNA,2022,外野手,,,,39,5,36
宮﨑 敏郎,DeNA,2022,内野手,122,33,109,353,97,325
桑原 将志,DeNA,2022,外野手,149,37,127,381,85,349
戸柱 恭孝,DeNA,2022,捕手,23,7,22,128,31,122
佐野 恵太,DeNA,2022,外野手,173,52,163,398,109,363
細川 成也,DeNA,2022,外野手,10,1,9,10,0,10
山下 幸輝,DeNA,2022,内野手,1,0,1,11,1,11
山本 祐大,DeNA,2022,捕手,7,0,6,24,3,23
柴田 竜拓,DeNA,2022,内野手,33,5,27,163,28,142
森 敬斗,DeNA,2022,内野手,22,3,21,145,33,133
神里 和毅,DeNA,2022,外野手,18,4,16,89,14,79
倉本 寿彦,DeNA,2022,内野手,1,0,1,53,9,51
大田 泰示,DeNA,2022,外野手,61,16,57,92,24,87
大和,DeNA,2022,内野手,109,29,101,168,35,158
知野 直人,DeNA,2022,内野手,8,1,7,6,1,6
田中 俊太,DeNA,2022,内野手,1,0,1,18,3,18
田部 隼人,DeNA,2022,内野手,4,0,4,1,0,0
藤田 一也,DeNA,2022,内野手,2,1,2,38,8,34
楠本 泰史,DeNA,2022,外野手,76,13,58,251,58,224
牧 秀悟,DeNA,2022,内野手,135,33,120,430,115,390
嶺井 博希,DeNA,2022,捕手,80,15,79,180,35,166
T-岡田,オリックス,2022,外野手,8,2,6,87,11,81
バレラ,オリックス,2022,内野手,40,8,37,86,15,74
マッカーシー,オリックス,2022,外野手,30,7,25,182,33,153
ラベロ,オリックス,2022,内野手,39,5,31,32,3,27
安達 了一,オリックス,2022,内野手,65,16,53,180,38,155
宜保 翔,オリックス,2022,内野手,1,0,1,33,5,28
吉田 正尚,オリックス,2022,外野手,145,44,122,348,94,290
元 謙太,オリックス,2022,外野手,4,1,3,5,1,5
紅林 弘太郎,オリックス,2022,内野手,132,29,120,362,72,330
佐野 如一,オリックス,2022,外野手,,,,3,0,3
佐野 皓大,オリックス,2022,外野手,83,18,76,35,6,31
山足 達也,オリックス,2022,内野手,20,3,18,31,5,26
若月 健矢,オリックス,2022,捕手,38,14,34,155,34,137
宗 佑磨,オリックス,2022,内野手,161,34,141,375,93,328
小田 裕也,オリックス,2022,外野手,1,0,1,25,5,23
松井 雅人,オリックス,2022,捕手,,,,1,0,1
杉本 裕太郎,オリックス,2022,外野手,106,15,99,325,74,281
西村 凌,オリックス,2022,外野手,18,6,18,29,0,27
西野 真弘,オリックス,2022,内野手,12,0,9,118,33,105
石岡 諒太,オリックス,2022,内野手,12,4,10,52,10,48
太田 椋,オリックス,2022,内野手,36,5,32,65,13,60
大下 誠一郎,オリックス,2022,内野手,4,1,3,6,1,5
大城 滉二,オリックス,2022,内野手,45,11,37,65,11,53
池田 陵真,オリックス,2022,外野手,6,0,6,14,3,14
中川 圭太,オリックス,2022,内野手,140,32,125,327,88,300
渡部 遼人,オリックス,2022,外野手,3,0,3,16,1,14
頓宮 裕真,オリックス,2022,捕手,87,21,77,184,32,157
伏見 寅威,オリックス,2022,捕手,73,17,58,162,30,147
福永 奨,オリックス,2022,捕手,,,,8,1,8
福田 周平,オリックス,2022,外野手,152,36,141,350,84,307
野口 智哉,オリックス,2022,内野手,39,8,37,127,27,118
来田 涼斗,オリックス,2022,外野手,5,0,3,22,3,20
ガルビス,ソフトバンク,2022,内野手,38,5,32,92,14,79
グラシアル,ソフトバンク,2022,内野手,124,29,111,262,65,236
デスパイネ,ソフトバンク,2022,外野手,102,21,94,228,59,203
リチャード,ソフトバンク,2022,内野手,32,6,26,38,4,37
海野 隆司,ソフトバンク,2022,捕手,9,1,9,33,6,33
栗原 陵矢,ソフトバンク,2022,外野手,12,2,10,8,4,7
甲斐 拓也,ソフトバンク,2022,捕手,132,16,105,274,42,219
黒瀬 健太,ソフトバンク,2022,内野手,8,1,6,7,1,6
今宮 健太,ソフトバンク,2022,内野手,156,57,141,355,76,310
佐藤 直樹,ソフトバンク,2022,外野手,22,2,18,13,2,13
三森 大貴,ソフトバンク,2022,内野手,125,38,116,312,63,277
周東 佑京,ソフトバンク,2022,内野手,86,22,78,232,55,210
松田 宣浩,ソフトバンク,2022,内野手,62,9,56,44,11,42
上林 誠知,ソフトバンク,2022,外野手,12,3,11,88,25,82
真砂 勇介,ソフトバンク,2022,外野手,17,2,17,13,0,12
正木 智也,ソフトバンク,2022,外野手,49,12,41,31,5,26
川原田 純平,ソフトバンク,2022,内野手,,,,1,0,1
川瀬 晃,ソフトバンク,2022,内野手,12,1,9,94,24,81
増田 珠,ソフトバンク,2022,内野手,13,2,12,32,8,27
谷川原 健太,ソフトバンク,2022,捕手,11,2,8,64,13,56
中村 晃,ソフトバンク,2022,外野手,118,16,98,316,80,281
中谷 将大,ソフトバンク,2022,外野手,19,3,18,11,3,10
渡邉 陸,ソフトバンク,2022,捕手,3,1,3,33,8,30
牧原 大成,ソフトバンク,2022,内野手,102,30,98,339,93,311
明石 健志,ソフトバンク,2022,内野手,1,0,0,34,5,30
野村 大樹,ソフトバンク,2022,内野手,26,6,25,49,10,45
野村 勇,ソフトバンク,2022,内野手,91,21,81,112,22,99
柳町 達,ソフトバンク,2022,外野手,71,16,67,293,73,254
柳田 悠岐,ソフトバンク,2022,外野手,157,37,141,328,83,296
髙田 知季,ソフトバンク,2022,内野手,4,1,4,9,2,9
オスナ,ヤクルト,2022,内野手,165,46,151,361,89,345
キブレハン,ヤクルト,2022,外野手,43,10,42,44,10,41
サンタナ,ヤクルト,2022,外野手,67,13,57,148,39,132
塩見 泰隆,ヤクルト,2022,外野手,171,42,155,396,98,353
奥村 展征,ヤクルト,2022,内野手,11,1,11,33,5,30
丸山 和郁,ヤクルト,2022,外野手,21,4,18,76,17,72
宮本 丈,ヤクルト,2022,内野手,20,3,17,114,26,97
元山 飛優,ヤクルト,2022,内野手,5,0,5,23,4,22
古賀 優大,ヤクルト,2022,捕手,25,3,23,51,10,48
荒木 貴裕,ヤクルト,2022,内野手,13,1,9,15,2,13
坂口 智隆,ヤクルト,2022,外野手,6,1,6,41,11,37
山崎 晃大朗,ヤクルト,2022,外野手,107,23,92,272,65,250
山田 哲人,ヤクルト,2022,内野手,160,34,136,379,80,333
松本 直樹,ヤクルト,2022,捕手,5,2,5,15,2,15
松本 友,ヤクルト,2022,内野手,3,2,3,16,4,14
西浦 直亨,ヤクルト,2022,内野手,11,1,10,4,0,4
西田 明央,ヤクルト,2022,捕手,4,0,4,9,4,9
青木 宣親,ヤクルト,2022,外野手,67,16,50,190,39,173
赤羽 由紘,ヤクルト,2022,内野手,4,1,3,8,0,7
川端 慎吾,ヤクルト,2022,内野手,9,1,8,54,9,49
村上 宗隆,ヤクルト,2022,内野手,196,56,162,396,99,325
太田 賢吾,ヤクルト,2022,内野手,17,7,14,114,25,104
中村 悠平,ヤクルト,2022,捕手,93,16,77,214,54,189
長岡 秀樹,ヤクルト,2022,内野手,163,34,152,384,89,359
渡邉 大樹,ヤクルト,2022,外野手,4,1,4,13,1,12
嶋 基宏,ヤクルト,2022,捕手,,,,2,0,2
内山 壮真,ヤクルト,2022,捕手,62,11,54,135,30,123
内川 聖一,ヤクルト,2022,内野手,15,4,14,2,0,2
武岡 龍世,ヤクルト,2022,内野手,8,2,7,10,5,10
並木 秀尊,ヤクルト,2022,外野手,14,2,13,9,2,9
濱田 太貴,ヤクルト,2022,外野手,69,15,66,79,14,75
エチェバリア,ロッテ,2022,内野手,71,20,69,186,34,174
マーティン,ロッテ,2022,外野手,74,9,66,191,27,155
レアード,ロッテ,2022,内野手,108,15,102,286,54,263
安田 尚憲,ロッテ,2022,内野手,116,29,104,324,73,284
井上 晴哉,ロッテ,2022,内野手,50,10,45,182,39,154
岡 大海,ロッテ,2022,外野手,91,21,77,157,24,130
荻野 貴司,ロッテ,2022,外野手,99,27,88,274,74,238
加藤 匠馬,ロッテ,2022,捕手,2,0,2,8,1,7
角中 勝也,ロッテ,2022,外野手,32,6,30,106,27,99
佐藤 都志也,ロッテ,2022,捕手,120,25,104,281,52,255
三木 亮,ロッテ,2022,内野手,16,2,15,18,2,10
山口 航輝,ロッテ,2022,外野手,104,16,95,245,60,226
山本 大斗,ロッテ,2022,外野手,1,0,1,1,0,1
小川 龍成,ロッテ,2022,内野手,15,1,10,61,5,45
松川 虎生,ロッテ,2022,捕手,53,11,49,159,21,136
菅野 剛士,ロッテ,2022,外野手,13,1,11,80,17,75
西巻 賢二,ロッテ,2022,内野手,,,,1,0,0
池田 来翔,ロッテ,2022,内野手,7,0,7,15,2,15
茶谷 健太,ロッテ,2022,内野手,45,14,40,111,20,97
中村 奨吾,ロッテ,2022,内野手,173,34,148,421,94,350
田村 龍弘,ロッテ,2022,捕手,2,1,2,3,0,3
藤岡 裕大,ロッテ,2022,内野手,26,3,21,55,9,47
藤原 恭大,ロッテ,2022,外野手,35,11,35,91,13,80
福田 光輝,ロッテ,2022,内野手,1,1,1,22,2,18
福田 秀平,ロッテ,2022,外野手,13,2,11,35,5,30
平沢 大河,ロッテ,2022,内野手,6,0,5,26,4,22
和田 康士朗,ロッテ,2022,外野手,4,1,3,28,4,25
髙部 瑛斗,ロッテ,2022,外野手,171,46,155,437,102,387
ウィーラー,巨人,2022,内野手,31,4,28,32,7,28
ポランコ,巨人,2022,外野手,140,32,127,343,73,311
岡本 和真,巨人,2022,内野手,188,45,166,395,86,354
丸 佳浩,巨人,2022,外野手,222,60,191,386,83,335
岸田 行倫,巨人,2022,捕手,17,6,16,21,3,19
喜多 隆介,巨人,2022,捕手,4,1,4,5,0,5
吉川 尚輝,巨人,2022,内野手,208,56,186,359,87,330
香月 一也,巨人,2022,内野手,2,0,1,35,7,34
坂本 勇人,巨人,2022,内野手,132,30,110,217,57,194
山瀬 慎之助,巨人,2022,捕手,6,2,6,5,0,5
若林 晃弘,巨人,2022,内野手,26,6,20,65,10,60
小林 誠司,巨人,2022,捕手,44,6,43,47,7,45
松原 聖弥,巨人,2022,外野手,11,2,9,65,6,62
石川 慎吾,巨人,2022,外野手,25,5,23,6,3,6
増田 大輝,巨人,2022,内野手,8,2,8,14,1,12
増田 陸,巨人,2022,内野手,59,14,52,98,21,89
大城 卓三,巨人,2022,捕手,114,24,102,276,67,244
中山 礼都,巨人,2022,内野手,31,6,29,111,20,102
中田 翔,巨人,2022,内野手,124,22,114,249,69,224
中島 宏之,巨人,2022,内野手,45,14,42,66,10,57
湯浅 大,巨人,2022,内野手,14,1,11,22,2,19
八百板 卓丸,巨人,2022,外野手,7,0,6,41,10,38
北村 拓己,巨人,2022,内野手,29,4,28,26,5,24
廣岡 大志,巨人,2022,内野手,25,6,19,35,3,31
マクブルーム,広島,2022,内野手,162,40,147,344,82,301
マクブルーム,広島,2022,内野手,162,40,147,344,82,301
磯村 嘉孝,広島,2022,捕手,40,9,34,86,18,80
磯村 嘉孝,広島,2022,捕手,40,9,34,86,18,80
宇草 孔基,広島,2022,外野手,22,3,19,76,15,69
宇草 孔基,広島,2022,外野手,22,3,19,76,15,69
羽月 隆太郎,広島,2022,内野手,20,4,19,78,19,75
羽月 隆太郎,広島,2022,内野手,20,4,19,78,19,75
菊池 涼介,広島,2022,内野手,171,43,152,351,78,310
菊池 涼介,広島,2022,内野手,171,43,152,351,78,310
坂倉 将吾,広島,2022,捕手,207,47,186,390,108,353
坂倉 将吾,広島,2022,捕手,207,47,186,390,108,353
三好 匠,広島,2022,内野手,,,,2,0,2
三好 匠,広島,2022,内野手,,,,2,0,2
持丸 泰輝,広島,2022,捕手,,,,6,0,6
持丸 泰輝,広島,2022,捕手,,,,6,0,6
秋山 翔吾,広島,2022,外野手,65,18,59,109,23,96
秋山 翔吾,広島,2022,外野手,65,18,59,109,23,96
小園 海斗,広島,2022,内野手,157,44,145,352,82,328
小園 海斗,広島,2022,内野手,157,44,145,352,82,328
松山 竜平,広島,2022,外野手,37,8,35,128,25,117
松山 竜平,広島,2022,外野手,37,8,35,128,25,117
上本 崇司,広島,2022,内野手,90,28,80,208,52,181
上本 崇司,広島,2022,内野手,90,28,80,208,52,181
西川 龍馬,広島,2022,外野手,143,38,132,278,85,258
西川 龍馬,広島,2022,外野手,143,38,132,278,85,258
石原 貴規,広島,2022,捕手,7,0,6,9,2,7
石原 貴規,広島,2022,捕手,7,0,6,9,2,7
曽根 海成,広島,2022,内野手,3,0,2,4,0,4
曽根 海成,広島,2022,内野手,3,0,2,4,0,4
大盛 穂,広島,2022,外野手,5,1,5,71,13,64
大盛 穂,広島,2022,外野手,5,1,5,71,13,64
中村 健人,広島,2022,外野手,63,14,57,72,15,64
中村 健人,広島,2022,外野手,63,14,57,72,15,64
中村 奨成,広島,2022,捕手,24,6,23,34,5,34
中村 奨成,広島,2022,捕手,24,6,23,34,5,34
長野 久義,広島,2022,外野手,38,5,34,97,21,90
長野 久義,広島,2022,外野手,38,5,34,97,21,90
田中 広輔,広島,2022,内野手,6,2,5,39,6,35
田中 広輔,広島,2022,内野手,6,2,5,39,6,35
堂林 翔太,広島,2022,内野手,85,18,79,190,44,177
堂林 翔太,広島,2022,内野手,85,18,79,190,44,177
韮澤 雄也,広島,2022,内野手,2,0,2,10,1,8
韮澤 雄也,広島,2022,内野手,2,0,2,10,1,8
白濱 裕太,広島,2022,捕手,3,0,2,3,0,2
白濱 裕太,広島,2022,捕手,3,0,2,3,0,2
末包 昇大,広島,2022,外野手,29,9,27,51,14,50
末包 昇大,広島,2022,外野手,29,9,27,51,14,50
野間 峻祥,広島,2022,外野手,109,26,98,230,73,220
野間 峻祥,広島,2022,外野手,109,26,98,230,73,220
矢野 雅哉,広島,2022,内野手,21,1,16,57,12,51
矢野 雅哉,広島,2022,内野手,21,1,16,57,12,51
會澤 翼,広島,2022,捕手,96,22,86,229,38,204
會澤 翼,広島,2022,捕手,96,22,86,229,38,204
マルテ,阪神,2022,内野手,34,8,31,68,15,59
ロドリゲス,阪神,2022,内野手,26,2,25,44,8,40
ロハス・ジュニア,阪神,2022,外野手,54,12,48,156,29,135
井上 広大,阪神,2022,外野手,3,0,3,2,0,2
近本 光司,阪神,2022,外野手,210,50,195,370,104,330
熊谷 敬宥,阪神,2022,内野手,25,4,23,27,3,22
原口 文仁,阪神,2022,内野手,19,3,17,64,20,54
江越 大賀,阪神,2022,外野手,4,0,3,1,0,1
佐藤 輝明,阪神,2022,内野手,228,48,202,371,95,339
坂本 誠志郎,阪神,2022,捕手,52,7,44,98,17,83
山本 泰寛,阪神,2022,内野手,119,29,108,84,16,73
糸井 嘉男,阪神,2022,外野手,35,5,30,145,32,133
糸原 健斗,阪神,2022,内野手,150,31,130,344,79,315
小幡 竜平,阪神,2022,内野手,6,3,5,67,10,64
小野寺 暖,阪神,2022,外野手,30,4,29,15,2,15
植田 海,阪神,2022,内野手,8,1,7,6,2,5
大山 悠輔,阪神,2022,内野手,160,37,138,346,80,301
中野 拓夢,阪神,2022,内野手,197,47,188,413,110,381
長坂 拳弥,阪神,2022,捕手,14,2,11,32,5,29
島田 海吏,阪神,2022,外野手,112,24,102,227,58,209
梅野 隆太郎,阪神,2022,捕手,93,17,87,234,50,207
板山 祐太郎,阪神,2022,外野手,,,,9,1,8
豊田 寛,阪神,2022,外野手,6,0,4,3,0,3
北條 史也,阪神,2022,内野手,33,6,30,15,2,13
木浪 聖也,阪神,2022,内野手,25,3,23,76,16,70
陽川 尚将,阪神,2022,内野手,49,15,42,26,5,26
榮枝 裕貴,阪神,2022,捕手,,,,1,1,1
髙山 俊,阪神,2022,外野手,1,0,1,55,10,52
髙寺 望夢,阪神,2022,内野手,3,0,3,24,3,20
オグレディ,西武,2022,外野手,128,23,118,337,63,286
ジャンセン・ウィティ,西武,2022,内野手,41,10,39,87,13,81
愛斗,西武,2022,外野手,87,22,85,306,67,281
外崎 修汰,西武,2022,内野手,134,36,114,413,67,364
岸 潤一郎,西武,2022,外野手,12,1,11,71,14,62
金子 侑司,西武,2022,外野手,21,4,20,107,29,99
熊代 聖人,西武,2022,外野手,1,0,1,13,2,9
栗山 巧,西武,2022,外野手,47,12,43,219,51,196
源田 壮亮,西武,2022,内野手,126,29,113,330,81,301
古賀 悠斗,西武,2022,捕手,15,1,14,56,8,44
戸川 大輔,西武,2022,外野手,2,0,2,5,0,4
呉 念庭,西武,2022,内野手,72,13,65,229,46,195
高木 渉,西武,2022,外野手,17,2,13,27,2,23
山川 穂高,西武,2022,内野手,119,27,104,397,92,344
山田 遥楓,西武,2022,内野手,25,1,21,68,15,59
山野辺 翔,西武,2022,内野手,6,0,5,29,5,28
若林 楽人,西武,2022,外野手,12,3,11,83,15,76
森 友哉,西武,2022,捕手,105,22,96,308,70,271
西川 愛也,西武,2022,外野手,6,0,6,24,0,24
川越 誠司,西武,2022,外野手,40,9,35,118,27,104
川野 涼多,西武,2022,内野手,5,1,5,3,0,2
滝澤 夏央,西武,2022,内野手,11,3,10,80,16,75
中熊 大智,西武,2022,捕手,,,,1,0,1
中山 誠吾,西武,2022,内野手,,,,3,0,3
中村 剛也,西武,2022,内野手,74,15,65,220,39,211
長谷川 信哉,西武,2022,内野手,27,7,26,41,5,39
柘植 世那,西武,2022,捕手,22,5,22,96,13,82
平沼 翔太,西武,2022,内野手,18,2,15,70,17,58
牧野 翔矢,西武,2022,捕手,9,2,9,23,2,20
鈴木 将平,西武,2022,外野手,51,14,46,176,39,166
A.マルティネス,中日,2022,捕手,53,10,50,232,60,204
ガルシア,中日,2022,外野手,,,,9,1,9
ビシエド,中日,2022,内野手,107,30,97,423,112,386
レビーラ,中日,2022,内野手,15,2,15,51,11,49
ワカマツ,中日,2022,内野手,,,,4,0,3
阿部 寿樹,中日,2022,内野手,116,28,102,432,103,384
伊藤 康祐,中日,2022,外野手,12,3,12,15,3,14
鵜飼 航丞,中日,2022,外野手,53,8,50,142,29,130
岡林 勇希,中日,2022,外野手,169,40,151,438,121,402
加藤 翔平,中日,2022,外野手,10,2,9,21,4,18
京田 陽太,中日,2022,内野手,28,4,26,112,18,102
郡司 裕也,中日,2022,捕手,22,4,18,26,4,24
桂 依央利,中日,2022,捕手,1,0,1,8,2,8
後藤 駿太,中日,2022,外野手,7,1,6,102,16,93
溝脇 隼人,中日,2022,内野手,27,6,25,130,29,114
高橋 周平,中日,2022,内野手,74,19,68,216,47,197
三ツ俣 大樹,中日,2022,内野手,40,9,35,113,17,88
三好 大倫,中日,2022,外野手,9,2,8,52,10,47
山下 斐紹,中日,2022,捕手,5,1,5,19,2,18
石垣 雅海,中日,2022,内野手,23,6,22,51,5,46
石橋 康太,中日,2022,捕手,21,2,19,54,10,48
石川 昂弥,中日,2022,内野手,21,5,20,119,24,109
大島 洋平,中日,2022,外野手,142,40,128,338,97,308
大野 奨太,中日,2022,捕手,3,2,3,18,3,14
滝野 要,中日,2022,外野手,4,0,4,6,3,6
渡辺 勝,中日,2022,外野手,,,,9,2,9
土田 龍空,中日,2022,内野手,57,12,54,169,40,156
堂上 直倫,中日,2022,内野手,1,0,1,17,5,17
福元 悠真,中日,2022,外野手,3,0,3,1,1,1
福田 永将,中日,2022,内野手,8,2,7,21,4,21
福留 孝介,中日,2022,外野手,4,0,3,26,1,21
平田 良介,中日,2022,外野手,23,5,20,60,10,55
木下 拓哉,中日,2022,捕手,97,22,92,366,81,327
髙松 渡,中日,2022,内野手,,,,14,1,14
アルカンタラ,日本ハム,2022,内野手,66,18,63,218,37,200
ヌニエス,日本ハム,2022,内野手,42,5,42,138,24,125
宇佐見 真吾,日本ハム,2022,捕手,67,14,64,170,41,151
宮田 輝星,日本ハム,2022,外野手,1,0,1,6,1,6
郡 拓也,日本ハム,2022,捕手,10,0,9,53,7,47
古川 裕大,日本ハム,2022,捕手,13,5,10,95,17,86
五十幡 亮汰,日本ハム,2022,外野手,7,1,5,9,3,9
今川 優馬,日本ハム,2022,外野手,83,21,73,226,41,202
佐藤 龍世,日本ハム,2022,内野手,19,1,18,87,10,78
細川 凌平,日本ハム,2022,内野手,15,2,14,33,5,27
上川畑 大悟,日本ハム,2022,内野手,70,21,59,231,55,202
上野 響平,日本ハム,2022,内野手,12,1,11,19,1,16
杉谷 拳士,日本ハム,2022,内野手,27,6,26,82,10,71
清宮 幸太郎,日本ハム,2022,内野手,102,18,91,358,71,316
清水 優心,日本ハム,2022,捕手,10,1,9,57,11,53
石川 亮,日本ハム,2022,捕手,18,1,16,34,6,29
中島 卓也,日本ハム,2022,内野手,28,5,21,122,24,109
田宮 裕涼,日本ハム,2022,捕手,1,0,0,20,2,18
梅林 優貴,日本ハム,2022,捕手,13,1,12,38,4,36
片岡 奨人,日本ハム,2022,外野手,5,0,5,19,3,19
万波 中正,日本ハム,2022,外野手,74,11,69,240,49,227
木村 文紀,日本ハム,2022,外野手,32,6,28,69,11,67
淺間 大基,日本ハム,2022,外野手,51,10,47,189,42,177
アンバギー,DeNA,2023,外野手,6,1,6,2,0,2
アンバギー,DeNA,2023,外野手,6,1,6,2,0,2
オースティン,DeNA,2023,外野手,10,3,9,44,10,38
オースティン,DeNA,2023,外野手,10,3,9,44,10,38
ソト,DeNA,2023,内野手,113,31,100,284,52,254
ソト,DeNA,2023,内野手,113,31,100,284,52,254
伊藤 光,DeNA,2023,捕手,67,9,61,110,27,100
伊藤 光,DeNA,2023,捕手,67,9,61,110,27,100
蝦名 達夫,DeNA,2023,外野手,28,5,25,23,1,18
蝦名 達夫,DeNA,2023,外野手,28,5,25,23,1,18
梶原 昂希,DeNA,2023,外野手,11,2,11,43,10,42
梶原 昂希,DeNA,2023,外野手,11,2,11,43,10,42
関根 大気,DeNA,2023,外野手,165,43,151,368,83,332
関根 大気,DeNA,2023,外野手,165,43,151,368,83,332
宮﨑 敏郎,DeNA,2023,内野手,119,38,104,339,95,304
宮﨑 敏郎,DeNA,2023,内野手,119,38,104,339,95,304
京田 陽太,DeNA,2023,内野手,46,4,37,240,53,214
京田 陽太,DeNA,2023,内野手,46,4,37,240,53,214
桑原 将志,DeNA,2023,外野手,146,35,131,333,73,298
桑原 将志,DeNA,2023,外野手,146,35,131,333,73,298
戸柱 恭孝,DeNA,2023,捕手,40,5,36,140,35,129
戸柱 恭孝,DeNA,2023,捕手,40,5,36,140,35,129
佐野 恵太,DeNA,2023,外野手,211,58,197,400,90,363
佐野 恵太,DeNA,2023,外野手,211,58,197,400,90,363
山本 祐大,DeNA,2023,捕手,55,12,51,144,36,122
山本 祐大,DeNA,2023,捕手,55,12,51,144,36,122
柴田 竜拓,DeNA,2023,内野手,14,0,7,52,7,42
柴田 竜拓,DeNA,2023,内野手,14,0,7,52,7,42
森 敬斗,DeNA,2023,内野手,,,,14,2,12
森 敬斗,DeNA,2023,内野手,,,,14,2,12
神里 和毅,DeNA,2023,外野手,15,0,12,38,8,37
神里 和毅,DeNA,2023,外野手,15,0,12,38,8,37
西浦 直亨,DeNA,2023,内野手,12,3,12,9,0,9
西浦 直亨,DeNA,2023,内野手,12,3,12,9,0,9
西巻 賢二,DeNA,2023,内野手,4,0,3,,,
西巻 賢二,DeNA,2023,内野手,4,0,3,,,
大田 泰示,DeNA,2023,外野手,84,22,80,102,16,95
大田 泰示,DeNA,2023,外野手,84,22,80,102,16,95
大和,DeNA,2023,内野手,131,27,123,98,23,90
大和,DeNA,2023,内野手,131,27,123,98,23,90
知野 直人,DeNA,2023,内野手,21,4,16,17,1,14
知野 直人,DeNA,2023,内野手,21,4,16,17,1,14
藤田 一也,DeNA,2023,内野手,1,0,1,23,6,20
藤田 一也,DeNA,2023,内野手,1,0,1,23,6,20
楠本 泰史,DeNA,2023,外野手,27,3,24,149,27,133
楠本 泰史,DeNA,2023,外野手,27,3,24,149,27,133
牧 秀悟,DeNA,2023,内野手,166,49,152,437,115,407
牧 秀悟,DeNA,2023,内野手,166,49,152,437,115,407
林 琢真,DeNA,2023,内野手,32,5,30,122,24,111
林 琢真,DeNA,2023,内野手,32,5,30,122,24,111
T-岡田,オリックス,2023,外野手,6,1,5,36,6,34
ゴンザレス,オリックス,2023,内野手,77,21,74,244,44,225
シュウィンデル,オリックス,2023,内野手,22,4,21,48,9,48
セデーニョ,オリックス,2023,内野手,23,5,21,164,38,155
安達 了一,オリックス,2023,内野手,20,6,19,48,5,41
宜保 翔,オリックス,2023,内野手,16,5,14,146,36,133
紅林 弘太郎,オリックス,2023,内野手,98,21,90,384,101,353
佐野 皓大,オリックス,2023,外野手,22,4,22,16,2,14
山足 達也,オリックス,2023,内野手,15,4,14,12,1,11
若月 健矢,オリックス,2023,捕手,63,18,60,255,55,227
宗 佑磨,オリックス,2023,内野手,103,24,87,375,81,341
小田 裕也,オリックス,2023,外野手,7,1,7,61,17,55
森 友哉,オリックス,2023,捕手,117,29,104,334,84,280
杉本 裕太郎,オリックス,2023,外野手,72,13,62,298,69,277
杉澤 龍,オリックス,2023,外野手,,,,5,1,5
西野 真弘,オリックス,2023,内野手,7,2,7,131,22,115
石川 亮,オリックス,2023,捕手,2,0,2,9,1,9
太田 椋,オリックス,2023,内野手,23,7,22,47,8,38
大城 滉二,オリックス,2023,内野手,23,3,21,28,6,25
大里 昂生,オリックス,2023,内野手,,,,2,0,2
池田 陵真,オリックス,2023,外野手,7,1,6,32,6,28
茶野 篤政,オリックス,2023,外野手,74,20,68,270,54,244
中川 圭太,オリックス,2023,内野手,117,36,107,446,100,399
渡部 遼人,オリックス,2023,外野手,8,0,7,44,7,34
渡邉 大樹,オリックス,2023,外野手,1,0,1,1,0,1
頓宮 裕真,オリックス,2023,捕手,89,35,82,362,88,319
福永 奨,オリックス,2023,捕手,,,,2,0,2
福田 周平,オリックス,2023,外野手,35,7,28,79,11,66
平野 大和,オリックス,2023,外野手,1,0,1,4,1,4
野口 智哉,オリックス,2023,内野手,60,14,54,197,37,172
来田 涼斗,オリックス,2023,外野手,,,,11,0,10
廣岡 大志,オリックス,2023,内野手,46,7,44,87,17,75
デスパイネ,ソフトバンク,2023,外野手,27,2,23,22,1,19
ホーキンス,ソフトバンク,2023,外野手,8,0,8,2,0,1
リチャード,ソフトバンク,2023,内野手,20,1,20,44,6,41
井上 朋也,ソフトバンク,2023,内野手,18,5,15,23,5,23
海野 隆司,ソフトバンク,2023,捕手,,,,2,0,1
吉田 賢吾,ソフトバンク,2023,捕手,,,,1,0,1
近藤 健介,ソフトバンク,2023,外野手,209,54,179,401,95,313
栗原 陵矢,ソフトバンク,2023,外野手,131,27,122,256,57,230
甲斐 拓也,ソフトバンク,2023,捕手,114,17,98,306,57,268
佐藤 直樹,ソフトバンク,2023,外野手,19,4,19,13,1,12
三森 大貴,ソフトバンク,2023,内野手,80,10,75,236,67,221
周東 佑京,ソフトバンク,2023,内野手,65,13,57,203,44,180
上林 誠知,ソフトバンク,2023,外野手,7,1,6,92,16,86
正木 智也,ソフトバンク,2023,外野手,21,1,19,9,0,7
生海,ソフトバンク,2023,外野手,1,0,1,21,4,20
川原田 純平,ソフトバンク,2023,内野手,,,,1,0,1
増田 珠,ソフトバンク,2023,内野手,50,8,43,25,4,23
谷川原 健太,ソフトバンク,2023,捕手,4,1,4,42,9,39
中村 晃,ソフトバンク,2023,外野手,182,39,166,402,101,345
牧原 大成,ソフトバンク,2023,内野手,112,25,101,274,68,258
野村 大樹,ソフトバンク,2023,内野手,51,7,47,32,9,27
野村 勇,ソフトバンク,2023,内野手,51,9,44,44,4,37
柳町 達,ソフトバンク,2023,外野手,73,11,58,302,69,253
柳田 悠岐,ソフトバンク,2023,外野手,221,58,199,403,105,347
嶺井 博希,ソフトバンク,2023,捕手,22,5,19,17,2,15
オスナ,ヤクルト,2023,内野手,195,40,176,345,87,325
サンタナ,ヤクルト,2023,外野手,182,57,168,333,83,299
塩見 泰隆,ヤクルト,2023,外野手,91,29,83,119,27,104
奥村 展征,ヤクルト,2023,内野手,1,0,1,4,2,3
丸山 和郁,ヤクルト,2023,外野手,29,10,27,77,10,70
宮本 丈,ヤクルト,2023,内野手,17,2,13,106,18,77
元山 飛優,ヤクルト,2023,内野手,16,2,16,26,5,23
古賀 優大,ヤクルト,2023,捕手,34,11,29,45,9,39
荒木 貴裕,ヤクルト,2023,内野手,,,,2,0,2
三ツ俣 大樹,ヤクルト,2023,内野手,17,1,11,4,1,3
山崎 晃大朗,ヤクルト,2023,外野手,47,11,43,106,22,94
山田 哲人,ヤクルト,2023,内野手,170,36,157,252,51,219
松本 直樹,ヤクルト,2023,捕手,4,0,4,2,0,2
西村 瑠伊斗,ヤクルト,2023,内野手,1,0,1,,,
西田 明央,ヤクルト,2023,捕手,6,1,6,2,0,2
青木 宣親,ヤクルト,2023,外野手,82,22,68,182,33,149
赤羽 由紘,ヤクルト,2023,内野手,16,3,14,11,1,9
川端 慎吾,ヤクルト,2023,内野手,28,8,26,72,22,68
村上 宗隆,ヤクルト,2023,内野手,241,63,206,354,64,290
太田 賢吾,ヤクルト,2023,内野手,11,3,10,31,5,31
中村 悠平,ヤクルト,2023,捕手,137,33,111,239,37,199
長岡 秀樹,ヤクルト,2023,内野手,186,41,168,297,60,277
内山 壮真,ヤクルト,2023,捕手,96,19,87,173,36,153
武岡 龍世,ヤクルト,2023,内野手,56,7,50,121,28,110
並木 秀尊,ヤクルト,2023,外野手,80,16,74,94,23,87
北村 恵吾,ヤクルト,2023,内野手,12,3,10,11,1,11
澤井 廉,ヤクルト,2023,外野手,4,0,4,33,5,28
濱田 太貴,ヤクルト,2023,外野手,162,33,151,114,26,101
ブロッソー,ロッテ,2023,内野手,46,10,42,101,16,94
ブロッソー,ロッテ,2023,内野手,46,10,42,101,16,94
ポランコ,ロッテ,2023,外野手,135,25,126,360,83,321
ポランコ,ロッテ,2023,外野手,135,25,126,360,83,321
安田 尚憲,ロッテ,2023,内野手,113,19,101,358,80,315
安田 尚憲,ロッテ,2023,内野手,113,19,101,358,80,315
井上 晴哉,ロッテ,2023,内野手,32,8,32,74,9,63
井上 晴哉,ロッテ,2023,内野手,32,8,32,74,9,63
岡 大海,ロッテ,2023,外野手,113,25,93,259,65,226
岡 大海,ロッテ,2023,外野手,113,25,93,259,65,226
荻野 貴司,ロッテ,2023,外野手,55,10,51,147,34,132
荻野 貴司,ロッテ,2023,外野手,55,10,51,147,34,132
柿沼 友哉,ロッテ,2023,捕手,13,3,8,25,0,21
柿沼 友哉,ロッテ,2023,捕手,13,3,8,25,0,21
角中 勝也,ロッテ,2023,外野手,35,6,31,208,58,185
角中 勝也,ロッテ,2023,外野手,35,6,31,208,58,185
江村 直也,ロッテ,2023,捕手,2,0,2,8,0,7
江村 直也,ロッテ,2023,捕手,2,0,2,8,0,7
佐藤 都志也,ロッテ,2023,捕手,67,12,54,211,40,185
佐藤 都志也,ロッテ,2023,捕手,67,12,54,211,40,185
山口 航輝,ロッテ,2023,外野手,120,21,101,348,78,320
山口 航輝,ロッテ,2023,外野手,120,21,101,348,78,320
山本 大斗,ロッテ,2023,外野手,,,,7,1,7
山本 大斗,ロッテ,2023,外野手,,,,7,1,7
小川 龍成,ロッテ,2023,内野手,3,0,2,21,3,18
小川 龍成,ロッテ,2023,内野手,3,0,2,21,3,18
松川 虎生,ロッテ,2023,捕手,7,1,6,11,2,10
松川 虎生,ロッテ,2023,捕手,7,1,6,11,2,10
植田 将太,ロッテ,2023,捕手,,,,3,0,3
植田 将太,ロッテ,2023,捕手,,,,3,0,3
菅野 剛士,ロッテ,2023,外野手,3,0,3,8,1,7
菅野 剛士,ロッテ,2023,外野手,3,0,3,8,1,7
石川 慎吾,ロッテ,2023,外野手,78,28,75,39,11,37
石川 慎吾,ロッテ,2023,外野手,78,28,75,39,11,37
大下 誠一郎,ロッテ,2023,内野手,14,4,12,14,1,10
大下 誠一郎,ロッテ,2023,内野手,14,4,12,14,1,10
池田 来翔,ロッテ,2023,内野手,26,4,23,92,24,81
池田 来翔,ロッテ,2023,内野手,26,4,23,92,24,81
茶谷 健太,ロッテ,2023,内野手,65,21,56,122,27,113
茶谷 健太,ロッテ,2023,内野手,65,21,56,122,27,113
中村 奨吾,ロッテ,2023,内野手,154,31,135,430,81,373
中村 奨吾,ロッテ,2023,内野手,154,31,135,430,81,373
田村 龍弘,ロッテ,2023,捕手,66,11,55,148,19,126
田村 龍弘,ロッテ,2023,捕手,66,11,55,148,19,126
藤岡 裕大,ロッテ,2023,内野手,107,24,88,273,62,222
藤岡 裕大,ロッテ,2023,内野手,107,24,88,273,62,222
藤原 恭大,ロッテ,2023,外野手,84,21,76,277,57,252
藤原 恭大,ロッテ,2023,外野手,84,21,76,277,57,252
福田 秀平,ロッテ,2023,外野手,1,0,1,8,2,7
福田 秀平,ロッテ,2023,外野手,1,0,1,8,2,7
平沢 大河,ロッテ,2023,内野手,53,7,45,117,16,90
平沢 大河,ロッテ,2023,内野手,53,7,45,117,16,90
友杉 篤輝,ロッテ,2023,内野手,62,11,56,147,36,129
友杉 篤輝,ロッテ,2023,内野手,62,11,56,147,36,129
和田 康士朗,ロッテ,2023,外野手,32,9,29,81,17,69
和田 康士朗,ロッテ,2023,外野手,32,9,29,81,17,69
和田 康士朗,ロッテ,2023,外野手,32,9,29,81,17,69
和田 康士朗,ロッテ,2023,外野手,32,9,29,81,17,69
フランコ,楽天,2023,内野手,125,26,111,209,43,201
阿部 寿樹,楽天,2023,内野手,110,24,92,143,31,124
阿部 寿樹,楽天,2023,内野手,110,24,92,143,31,124
安田 悠馬,楽天,2023,捕手,34,9,30,93,15,80
安田 悠馬,楽天,2023,捕手,34,9,30,93,15,80
伊藤 裕季也,楽天,2023,内野手,136,33,120,80,13,68
伊藤 裕季也,楽天,2023,内野手,136,33,120,80,13,68
岡島 豪郎,楽天,2023,外野手,140,35,127,268,61,234
岡島 豪郎,楽天,2023,外野手,140,35,127,268,61,234
銀次,楽天,2023,内野手,2,0,2,8,1,8
銀次,楽天,2023,内野手,2,0,2,8,1,8
黒川 史陽,楽天,2023,内野手,7,0,6,17,2,16
黒川 史陽,楽天,2023,内野手,7,0,6,17,2,16
山﨑 剛,楽天,2023,内野手,119,19,99,187,34,162
山﨑 剛,楽天,2023,内野手,119,19,99,187,34,162
小郷 裕哉,楽天,2023,外野手,167,43,150,274,59,240
小郷 裕哉,楽天,2023,外野手,167,43,150,274,59,240
小深田 大翔,楽天,2023,内野手,213,50,187,336,73,290
小深田 大翔,楽天,2023,内野手,213,50,187,336,73,290
正隨 優弥,楽天,2023,外野手,2,0,1,,,
正隨 優弥,楽天,2023,外野手,2,0,1,,,
西川 遥輝,楽天,2023,外野手,6,0,6,80,13,66
西川 遥輝,楽天,2023,外野手,6,0,6,80,13,66
浅村 栄斗,楽天,2023,内野手,201,55,185,397,88,338
浅村 栄斗,楽天,2023,内野手,201,55,185,397,88,338
村林 一輝,楽天,2023,内野手,125,28,116,215,49,185
村林 一輝,楽天,2023,内野手,125,28,116,215,49,185
太田 光,楽天,2023,捕手,88,21,70,145,21,103
辰己 涼介,楽天,2023,外野手,175,41,154,320,73,280
辰己 涼介,楽天,2023,外野手,175,41,154,320,73,280
炭谷 銀仁朗,楽天,2023,捕手,79,17,74,66,12,57
炭谷 銀仁朗,楽天,2023,捕手,79,17,74,66,12,57
田中 和基,楽天,2023,外野手,26,2,22,15,1,12
田中 和基,楽天,2023,外野手,26,2,22,15,1,12
渡邊 佳明,楽天,2023,内野手,8,0,7,49,7,42
渡邊 佳明,楽天,2023,内野手,8,0,7,49,7,42
島内 宏明,楽天,2023,外野手,132,26,117,237,50,205
島内 宏明,楽天,2023,外野手,132,26,117,237,50,205
堀内 謙伍,楽天,2023,捕手,1,1,1,2,0,1
茂木 栄五郎,楽天,2023,内野手,2,0,2,13,1,10
茂木 栄五郎,楽天,2023,内野手,2,0,2,13,1,10
鈴木 大地,楽天,2023,内野手,51,8,44,241,53,206
鈴木 大地,楽天,2023,内野手,51,8,44,241,53,206
和田 恋,楽天,2023,外野手,3,1,2,3,0,3
和田 恋,楽天,2023,外野手,3,1,2,3,0,3
ウォーカー,巨人,2023,外野手,65,15,64,55,16,54
オコエ 瑠偉,巨人,2023,外野手,64,14,61,63,14,58
ブリンソン,巨人,2023,外野手,110,25,107,182,45,175
岡田 悠希,巨人,2023,外野手,9,1,9,43,7,39
岡本 和真,巨人,2023,内野手,187,53,166,396,87,337
梶谷 隆幸,巨人,2023,外野手,64,19,58,228,54,208
丸 佳浩,巨人,2023,外野手,136,26,123,293,68,262
岸田 行倫,巨人,2023,捕手,42,9,40,30,8,28
菊田 拡和,巨人,2023,内野手,4,0,3,2,0,2
吉川 尚輝,巨人,2023,内野手,163,41,145,313,69,285
坂本 勇人,巨人,2023,内野手,154,46,142,298,70,261
山瀬 慎之助,巨人,2023,捕手,5,1,5,2,0,2
若林 晃弘,巨人,2023,内野手,,,,17,2,16
秋広 優人,巨人,2023,内野手,144,29,138,294,82,268
重信 慎之介,巨人,2023,外野手,6,1,5,51,7,46
小林 誠司,巨人,2023,捕手,5,0,5,4,1,3
松原 聖弥,巨人,2023,外野手,,,,13,0,12
松田 宣浩,巨人,2023,内野手,10,1,10,7,0,6
浅野 翔吾,巨人,2023,外野手,31,8,31,10,2,9
増田 大輝,巨人,2023,内野手,11,3,8,2,0,2
大城 卓三,巨人,2023,捕手,150,37,133,338,82,291
中山 礼都,巨人,2023,内野手,27,7,26,120,26,112
中田 翔,巨人,2023,内野手,99,23,89,188,44,175
中島 宏之,巨人,2023,内野手,10,2,9,9,3,9
萩尾 匡也,巨人,2023,外野手,4,0,4,12,1,12
北村 拓己,巨人,2023,内野手,29,6,28,8,1,6
門脇 誠,巨人,2023,内野手,108,26,99,237,57,217
デビッドソン,広島,2023,内野手,142,26,130,238,47,218
マクブルーム,広島,2023,内野手,100,19,87,158,31,139
磯村 嘉孝,広島,2023,捕手,21,6,19,11,0,10
羽月 隆太郎,広島,2023,内野手,15,2,13,38,5,34
菊池 涼介,広島,2023,内野手,188,39,172,297,75,270
坂倉 将吾,広島,2023,捕手,144,35,132,300,70,263
秋山 翔吾,広島,2023,外野手,191,40,171,290,79,263
小園 海斗,広島,2023,内野手,137,38,129,169,45,161
松山 竜平,広島,2023,外野手,35,5,32,121,31,111
上本 崇司,広島,2023,内野手,135,36,124,141,28,123
西川 龍馬,広島,2023,外野手,169,49,160,270,78,256
曽根 海成,広島,2023,内野手,3,0,3,12,2,11
大盛 穂,広島,2023,外野手,8,1,5,63,9,61
中村 貴浩,広島,2023,外野手,2,0,2,35,6,32
中村 奨成,広島,2023,捕手,19,2,19,1,1,1
田村 俊介,広島,2023,外野手,5,3,5,17,5,17
田中 広輔,広島,2023,内野手,51,11,48,201,40,176
堂林 翔太,広島,2023,内野手,143,42,132,139,29,128
韮澤 雄也,広島,2023,内野手,10,1,9,44,6,41
末包 昇大,広島,2023,外野手,77,19,73,70,19,67
野間 峻祥,広島,2023,外野手,161,35,144,257,71,227
矢野 雅哉,広島,2023,内野手,42,9,34,103,13,85
林 晃汰,広島,2023,内野手,7,0,7,56,12,52
會澤 翼,広島,2023,捕手,78,13,69,55,7,47
ノイジー,阪神,2023,外野手,148,33,133,368,81,342
ミエセス,阪神,2023,外野手,50,7,42,92,21,84
井上 広大,阪神,2023,外野手,14,2,14,23,6,21
近本 光司,阪神,2023,外野手,192,50,161,392,93,340
熊谷 敬宥,阪神,2023,内野手,2,1,2,7,1,4
原口 文仁,阪神,2023,内野手,37,5,34,19,5,18
佐藤 輝明,阪神,2023,内野手,163,45,150,383,83,337
坂本 誠志郎,阪神,2023,捕手,77,17,62,213,38,182
糸原 健斗,阪神,2023,内野手,2,1,2,80,16,70
小幡 竜平,阪神,2023,内野手,29,7,26,58,15,52
小野寺 暖,阪神,2023,外野手,34,10,30,49,16,45
植田 海,阪神,2023,内野手,1,0,0,2,0,1
森下 翔太,阪神,2023,外野手,128,24,113,248,55,220
前川 右京,阪神,2023,外野手,9,2,7,98,22,87
大山 悠輔,阪神,2023,内野手,174,43,147,450,105,366
中野 拓夢,阪神,2023,内野手,210,49,181,450,115,394
長坂 拳弥,阪神,2023,捕手,5,1,4,7,1,5
渡邉 諒,阪神,2023,内野手,42,8,40,42,6,39
島田 海吏,阪神,2023,外野手,20,5,18,101,11,92
梅野 隆太郎,阪神,2023,捕手,73,15,59,178,27,158
板山 祐太郎,阪神,2023,外野手,3,1,3,14,0,14
木浪 聖也,阪神,2023,内野手,137,29,110,325,80,298
榮枝 裕貴,阪神,2023,捕手,4,1,3,,,
ペイトン,西武,2023,外野手,63,11,59,162,33,146
マキノン,西武,2023,内野手,129,38,120,385,82,344
愛斗,西武,2023,外野手,59,11,57,207,44,200
外崎 修汰,西武,2023,内野手,141,34,123,430,97,380
岸 潤一郎,西武,2023,外野手,65,14,57,132,23,120
金子 侑司,西武,2023,外野手,23,3,23,68,12,61
栗山 巧,西武,2023,外野手,38,5,29,153,29,128
源田 壮亮,西武,2023,内野手,135,34,120,300,68,277
古賀 悠斗,西武,2023,捕手,84,19,71,196,33,168
古市 尊,西武,2023,捕手,13,2,13,43,6,37
呉 念庭,西武,2023,内野手,25,5,22,67,11,56
高木 渉,西武,2023,外野手,2,0,2,17,3,17
佐藤 龍世,西武,2023,内野手,73,17,61,184,38,148
山川 穂高,西武,2023,内野手,13,6,13,49,9,46
山村 崇嘉,西武,2023,内野手,6,2,5,9,2,9
児玉 亮涼,西武,2023,内野手,29,2,29,103,25,93
若林 楽人,西武,2023,外野手,18,2,17,76,20,73
西川 愛也,西武,2023,外野手,17,4,17,92,18,80
中村 剛也,西武,2023,内野手,79,12,73,240,61,210
柘植 世那,西武,2023,捕手,29,7,28,108,16,97
渡部 健人,西武,2023,内野手,60,7,56,149,34,136
蛭間 拓哉,西武,2023,外野手,70,19,64,153,27,134
平沼 翔太,西武,2023,内野手,31,8,31,79,17,71
陽川 尚将,西武,2023,内野手,7,2,7,21,2,17
鈴木 将平,西武,2023,外野手,65,18,59,203,40,184
髙松 渡,西武,2023,内野手,1,0,1,1,0,1
アキーノ,中日,2023,外野手,22,2,22,46,8,43
アルモンテ,中日,2023,外野手,10,2,9,44,8,44
カリステ,中日,2023,内野手,51,13,47,121,25,116
ビシエド,中日,2023,内野手,111,28,103,237,49,213
ブライト 健太,中日,2023,外野手,26,4,23,42,10,35
伊藤 康祐,中日,2023,外野手,13,1,12,9,2,8
宇佐見 真吾,中日,2023,捕手,58,9,51,183,49,170
鵜飼 航丞,中日,2023,外野手,41,2,40,53,11,51
岡林 勇希,中日,2023,外野手,212,52,200,420,111,384
加藤 匠馬,中日,2023,捕手,4,0,4,4,0,4
加藤 翔平,中日,2023,外野手,16,4,14,29,5,26
後藤 駿太,中日,2023,外野手,12,3,12,39,5,32
溝脇 隼人,中日,2023,内野手,11,3,9,34,4,31
高橋 周平,中日,2023,内野手,47,9,45,124,25,113
細川 成也,中日,2023,外野手,146,42,136,427,89,382
三好 大倫,中日,2023,外野手,6,0,6,11,2,7
山浅 龍之介,中日,2023,捕手,1,0,1,1,0,1
石垣 雅海,中日,2023,内野手,10,1,10,16,1,13
石橋 康太,中日,2023,捕手,27,6,24,50,12,46
石川 昂弥,中日,2023,内野手,127,27,121,336,78,313
川越 誠司,中日,2023,外野手,24,3,22,50,8,41
村松 開人,中日,2023,内野手,94,18,89,211,39,187
大島 洋平,中日,2023,外野手,150,39,143,344,97,327
大野 奨太,中日,2023,捕手,,,,1,0,1
堂上 直倫,中日,2023,内野手,3,0,3,7,2,6
樋口 正修,中日,2023,内野手,3,0,3,,,
福永 裕基,中日,2023,内野手,98,21,88,227,49,204
福田 永将,中日,2023,内野手,5,2,3,19,1,17
味谷 大誠,中日,2023,捕手,,,,7,2,7
木下 拓哉,中日,2023,捕手,93,18,78,221,48,200
龍空,中日,2023,内野手,86,10,81,216,41,192
アルカンタラ,日本ハム,2023,内野手,33,7,30,92,16,83
アルカンタラ,日本ハム,2023,内野手,33,7,30,92,16,83
ハンソン,日本ハム,2023,内野手,20,2,20,76,11,70
ハンソン,日本ハム,2023,内野手,20,2,20,76,11,70
マルティネス,日本ハム,2023,捕手,115,29,97,329,66,289
マルティネス,日本ハム,2023,捕手,115,29,97,329,66,289
王 柏融,日本ハム,2023,外野手,6,0,5,39,10,37
王 柏融,日本ハム,2023,外野手,6,0,5,39,10,37
加藤 豪将,日本ハム,2023,内野手,51,9,46,170,33,154
加藤 豪将,日本ハム,2023,内野手,51,9,46,170,33,154
郡 拓也,日本ハム,2023,捕手,5,1,5,10,3,10
郡 拓也,日本ハム,2023,捕手,5,1,5,10,3,10
郡司 裕也,日本ハム,2023,捕手,48,9,45,140,34,125
郡司 裕也,日本ハム,2023,捕手,48,9,45,140,34,125
古川 裕大,日本ハム,2023,捕手,9,0,7,38,8,36
古川 裕大,日本ハム,2023,捕手,9,0,7,38,8,36
五十幡 亮汰,日本ハム,2023,外野手,42,5,38,163,39,155
江越 大賀,日本ハム,2023,外野手,63,7,53,114,20,98
今川 優馬,日本ハム,2023,外野手,25,5,20,43,7,40
細川 凌平,日本ハム,2023,内野手,17,3,16,95,18,81
細川 凌平,日本ハム,2023,内野手,17,3,16,95,18,81
山田 遥楓,日本ハム,2023,内野手,26,8,24,20,3,17
山田 遥楓,日本ハム,2023,内野手,26,8,24,20,3,17
松本 剛,日本ハム,2023,外野手,135,34,123,423,106,384
松本 剛,日本ハム,2023,外野手,135,34,123,423,106,384
上川畑 大悟,日本ハム,2023,内野手,92,15,76,255,47,218
上川畑 大悟,日本ハム,2023,内野手,92,15,76,255,47,218
水野 達稀,日本ハム,2023,内野手,9,0,9,53,9,47
水野 達稀,日本ハム,2023,内野手,9,0,9,53,9,47
清宮 幸太郎,日本ハム,2023,内野手,105,28,94,311,59,262
清宮 幸太郎,日本ハム,2023,内野手,105,28,94,311,59,262
清水 優心,日本ハム,2023,捕手,9,3,8,51,10,42
清水 優心,日本ハム,2023,捕手,9,3,8,51,10,42
石井 一成,日本ハム,2023,内野手,21,4,19,79,10,64
石井 一成,日本ハム,2023,内野手,21,4,19,79,10,64
谷内 亮太,日本ハム,2023,内野手,26,5,22,62,10,54
谷内 亮太,日本ハム,2023,内野手,26,5,22,62,10,54
中島 卓也,日本ハム,2023,内野手,7,1,5,25,5,24
中島 卓也,日本ハム,2023,内野手,7,1,5,25,5,24
田宮 裕涼,日本ハム,2023,捕手,3,2,3,28,6,28
田宮 裕涼,日本ハム,2023,捕手,3,2,3,28,6,28
奈良間 大己,日本ハム,2023,内野手,55,13,51,141,31,130
奈良間 大己,日本ハム,2023,内野手,55,13,51,141,31,130
梅林 優貴,日本ハム,2023,捕手,,,,6,3,6
梅林 優貴,日本ハム,2023,捕手,,,,6,3,6
伏見 寅威,日本ハム,2023,捕手,61,15,58,190,31,171
伏見 寅威,日本ハム,2023,捕手,61,15,58,190,31,171
福田 光輝,日本ハム,2023,内野手,10,1,10,53,9,47
福田 光輝,日本ハム,2023,内野手,10,1,10,53,9,47
万波 中正,日本ハム,2023,外野手,127,34,119,453,107,414
万波 中正,日本ハム,2023,外野手,127,34,119,453,107,414
木村 文紀,日本ハム,2023,外野手,,,,2,1,2
木村 文紀,日本ハム,2023,外野手,,,,2,1,2
野村 佑希,日本ハム,2023,内野手,109,23,97,364,77,326
野村 佑希,日本ハム,2023,内野手,109,23,97,364,77,326
有薗 直輝,日本ハム,2023,内野手,3,0,3,2,0,2
有薗 直輝,日本ハム,2023,内野手,3,0,3,2,0,2
淺間 大基,日本ハム,2023,外野手,3,0,3,35,8,33
淺間 大基,日本ハム,2023,外野手,3,0,3,35,8,33
オースティン,DeNA,2024,内野手,132,39,116,312,86,280
フォード,DeNA,2024,内野手,12,3,11,10,1,9
伊藤 光,DeNA,2024,捕手,45,10,44,50,8,45
井上 絢登,DeNA,2024,内野手,13,3,12,34,5,30
蝦名 達夫,DeNA,2024,外野手,98,23,90,155,34,133
梶原 昂希,DeNA,2024,外野手,123,36,120,225,63,219
関根 大気,DeNA,2024,外野手,46,12,45,96,17,83
宮﨑 敏郎,DeNA,2024,内野手,133,32,114,332,84,297
京田 陽太,DeNA,2024,内野手,66,14,58,168,39,158
桑原 将志,DeNA,2024,外野手,118,31,106,203,46,179
戸柱 恭孝,DeNA,2024,捕手,20,3,17,77,19,73
佐野 恵太,DeNA,2024,外野手,182,41,171,384,102,353
三森 大貴,DeNA,2024,内野手,18,3,16,53,16,50
山本 祐大,DeNA,2024,捕手,120,30,112,282,74,246
柴田 竜拓,DeNA,2024,内野手,11,1,6,22,5,17
松尾 汐恩,DeNA,2024,捕手,19,4,18,21,4,20
森 敬斗,DeNA,2024,内野手,64,14,60,134,33,127
神里 和毅,DeNA,2024,外野手,7,0,7,18,3,16
西浦 直亨,DeNA,2024,内野手,10,3,9,6,1,6
石上 泰輝,DeNA,2024,内野手,27,3,25,50,10,46
大和,DeNA,2024,内野手,58,16,54,36,4,27
知野 直人,DeNA,2024,内野手,13,2,10,9,0,8
度会 隆輝,DeNA,2024,外野手,89,14,80,183,50,171
東妻 純平,DeNA,2024,捕手,1,1,1,1,0,1
筒香 嘉智,DeNA,2024,外野手,44,8,39,123,20,110
牧 秀悟,DeNA,2024,内野手,162,37,149,395,115,368
林 琢真,DeNA,2024,内野手,31,4,28,81,13,74
T-岡田,オリックス,2024,外野手,,,,9,1,8
ゴンザレス,オリックス,2024,内野手,39,7,39,25,1,22
トーマス,オリックス,2024,外野手,3,0,3,15,0,15
安達 了一,オリックス,2024,内野手,16,0,15,28,8,22
横山 聖哉,オリックス,2024,内野手,11,2,11,29,4,29
宜保 翔,オリックス,2024,内野手,,,,14,3,12
元 謙太,オリックス,2024,外野手,4,0,4,4,1,4
紅林 弘太郎,オリックス,2024,内野手,153,38,140,370,77,325
佐野 皓大,オリックス,2024,外野手,1,0,1,1,0,1
若月 健矢,オリックス,2024,捕手,70,15,62,227,38,202
宗 佑磨,オリックス,2024,内野手,83,21,79,240,47,211
小田 裕也,オリックス,2024,外野手,1,0,0,14,3,14
森 友哉,オリックス,2024,捕手,136,41,122,320,70,273
杉本 裕太郎,オリックス,2024,外野手,71,13,65,168,38,154
杉澤 龍,オリックス,2024,外野手,,,,21,1,19
西川 龍馬,オリックス,2024,外野手,159,41,148,394,93,371
西野 真弘,オリックス,2024,内野手,52,13,46,260,71,234
石川 亮,オリックス,2024,捕手,3,0,2,5,1,5
太田 椋,オリックス,2024,内野手,121,31,108,249,65,226
大城 滉二,オリックス,2024,内野手,10,1,6,8,3,7
大里 昂生,オリックス,2024,内野手,46,12,44,130,24,109
池田 陵真,オリックス,2024,外野手,6,1,6,17,3,17
茶野 篤政,オリックス,2024,外野手,20,3,20,37,11,32
中川 圭太,オリックス,2024,内野手,71,12,64,162,38,152
渡部 遼人,オリックス,2024,外野手,19,3,15,62,9,51
頓宮 裕真,オリックス,2024,捕手,86,17,80,204,32,169
内藤 鵬,オリックス,2024,内野手,7,0,7,14,2,13
福永 奨,オリックス,2024,捕手,7,0,6,16,4,16
福田 周平,オリックス,2024,外野手,74,17,63,186,36,165
野口 智哉,オリックス,2024,内野手,6,0,6,24,3,21
来田 涼斗,オリックス,2024,外野手,39,5,34,150,31,136
廣岡 大志,オリックス,2024,内野手,54,11,46,65,10,62
ウォーカー,ソフトバンク,2024,外野手,27,4,27,39,7,38
ダウンズ,ソフトバンク,2024,内野手,13,4,11,13,2,11
リチャード,ソフトバンク,2024,内野手,19,5,18,14,2,13
井上 朋也,ソフトバンク,2024,内野手,10,0,10,,,
海野 隆司,ソフトバンク,2024,捕手,43,9,37,77,9,67
栗原 陵矢,ソフトバンク,2024,内野手,243,57,229,354,87,298
今宮 健太,ソフトバンク,2024,内野手,234,50,196,304,71,266
佐藤 直樹,ソフトバンク,2024,外野手,59,14,54,34,2,30
山川 穂高,ソフトバンク,2024,内野手,243,47,222,367,89,329
周東 佑京,ソフトバンク,2024,内野手,195,46,175,282,69,253
正木 智也,ソフトバンク,2024,外野手,129,39,122,153,32,141
石塚 綜一郎,ソフトバンク,2024,捕手,26,3,21,14,3,11
川瀬 晃,ソフトバンク,2024,内野手,36,7,30,119,29,108
谷川原 健太,ソフトバンク,2024,捕手,6,3,6,4,1,3
牧原 大成,ソフトバンク,2024,内野手,94,26,86,166,42,155
野村 勇,ソフトバンク,2024,内野手,31,2,27,18,3,16
柳町 達,ソフトバンク,2024,外野手,76,15,67,161,43,149
嶺井 博希,ソフトバンク,2024,捕手,2,1,2,4,2,4
廣瀨 隆太,ソフトバンク,2024,内野手,53,13,49,58,11,54
オスナ,ヤクルト,2024,内野手,165,45,150,417,99,389
サンタナ,ヤクルト,2024,外野手,153,50,139,330,82,280
伊藤 琉偉,ヤクルト,2024,内野手,,,,1,0,1
塩見 泰隆,ヤクルト,2024,外野手,41,10,34,70,17,67
丸山 和郁,ヤクルト,2024,外野手,105,20,88,191,41,165
岩田 幸宏,ヤクルト,2024,外野手,34,6,30,105,22,93
宮本 丈,ヤクルト,2024,内野手,44,14,41,120,24,106
橋本 星哉,ヤクルト,2024,捕手,1,0,1,,,
山崎 晃大朗,ヤクルト,2024,外野手,13,2,11,26,2,19
山田 哲人,ヤクルト,2024,内野手,126,26,106,259,51,235
小森 航大郎,ヤクルト,2024,内野手,5,0,5,,,
松本 直樹,ヤクルト,2024,捕手,37,8,34,105,28,100
西川 遥輝,ヤクルト,2024,外野手,105,26,90,258,54,219
西田 明央,ヤクルト,2024,捕手,9,1,9,15,2,13
青木 宣親,ヤクルト,2024,外野手,34,6,30,93,21,88
赤羽 由紘,ヤクルト,2024,内野手,33,6,30,32,8,28
川端 慎吾,ヤクルト,2024,内野手,11,2,9,50,11,49
増田 珠,ヤクルト,2024,内野手,74,13,68,28,6,24
村上 宗隆,ヤクルト,2024,内野手,206,51,173,396,71,327
太田 賢吾,ヤクルト,2024,内野手,8,1,8,42,9,41
中村 悠平,ヤクルト,2024,捕手,118,20,101,232,49,190
長岡 秀樹,ヤクルト,2024,内野手,222,60,200,388,103,366
内山 壮真,ヤクルト,2024,捕手,16,5,16,38,5,36
武岡 龍世,ヤクルト,2024,内野手,28,6,24,120,17,107
並木 秀尊,ヤクルト,2024,外野手,26,5,23,23,5,20
北村 拓己,ヤクルト,2024,内野手,32,4,27,17,1,13
茂木 栄五郎,ヤクルト,2024,内野手,8,1,8,67,17,60
鈴木 叶,ヤクルト,2024,捕手,,,,4,2,4
澤井 廉,ヤクルト,2024,外野手,4,1,4,23,3,21
濱田 太貴,ヤクルト,2024,外野手,13,0,13,15,2,13
ソト,ロッテ,2024,内野手,188,39,172,353,93,319
ポランコ,ロッテ,2024,外野手,142,35,126,324,66,290
愛斗,ロッテ,2024,外野手,32,4,30,44,9,39
安田 尚憲,ロッテ,2024,内野手,19,2,17,155,34,141
岡 大海,ロッテ,2024,外野手,140,35,121,278,69,241
荻野 貴司,ロッテ,2024,外野手,106,32,100,107,23,97
柿沼 友哉,ロッテ,2024,捕手,,,,3,0,3
角中 勝也,ロッテ,2024,外野手,12,4,9,204,49,180
佐藤 都志也,ロッテ,2024,捕手,139,37,128,312,77,282
山口 航輝,ロッテ,2024,外野手,64,12,59,117,22,111
山本 大斗,ロッテ,2024,外野手,13,1,12,6,1,6
寺地 隆成,ロッテ,2024,捕手,,,,7,1,7
小川 龍成,ロッテ,2024,内野手,77,15,64,235,48,197
松川 虎生,ロッテ,2024,捕手,3,1,3,1,0,1
上田 希由翔,ロッテ,2024,内野手,9,0,7,55,15,51
石垣 雅海,ロッテ,2024,内野手,4,1,4,6,1,6
石川 慎吾,ロッテ,2024,外野手,66,14,63,27,5,27
大下 誠一郎,ロッテ,2024,内野手,10,2,10,12,1,10
池田 来翔,ロッテ,2024,内野手,21,3,21,25,2,24
茶谷 健太,ロッテ,2024,内野手,41,6,38,35,6,34
中村 奨吾,ロッテ,2024,内野手,170,34,148,263,53,228
田村 龍弘,ロッテ,2024,捕手,62,11,58,98,17,82
藤岡 裕大,ロッテ,2024,内野手,132,25,114,237,55,198
藤原 恭大,ロッテ,2024,外野手,91,19,85,173,48,146
友杉 篤輝,ロッテ,2024,内野手,132,26,124,261,47,231
和田 康士朗,ロッテ,2024,外野手,19,3,17,52,6,43
髙部 瑛斗,ロッテ,2024,外野手,103,34,99,182,44,161
フランコ,楽天,2024,内野手,104,23,98,139,27,131
阿部 寿樹,楽天,2024,内野手,137,29,121,117,23,108
安田 悠馬,楽天,2024,捕手,40,10,39,88,22,83
伊藤 裕季也,楽天,2024,内野手,56,14,51,69,16,64
岡島 豪郎,楽天,2024,外野手,8,1,5,85,15,75
黒川 史陽,楽天,2024,内野手,15,2,14,45,11,42
山田 遥楓,楽天,2024,内野手,11,1,10,16,3,15
山﨑 剛,楽天,2024,内野手,,,,6,0,6
小郷 裕哉,楽天,2024,外野手,270,62,243,370,83,322
浅村 栄斗,楽天,2024,内野手,200,52,171,348,67,300
村林 一輝,楽天,2024,内野手,227,50,204,344,75,314
太田 光,楽天,2024,捕手,103,17,85,165,28,145
辰見 鴻之介,楽天,2024,内野手,3,0,3,,,
辰己 涼介,楽天,2024,外野手,239,58,215,357,100,322
中島 大輔,楽天,2024,外野手,44,6,42,84,22,81
田中 貴也,楽天,2024,捕手,1,0,0,11,1,10
田中 和基,楽天,2024,外野手,7,0,7,27,4,24
渡邊 佳明,楽天,2024,内野手,31,9,26,122,25,110
島内 宏明,楽天,2024,外野手,59,10,50,95,18,82
入江 大樹,楽天,2024,内野手,4,3,4,10,2,8
武藤 敦貴,楽天,2024,外野手,,,,5,1,5
平良 竜哉,楽天,2024,内野手,8,2,7,16,1,14
鈴木 大地,楽天,2024,内野手,144,27,125,317,81,282
ウレーニャ,巨人,2024,内野手,2,0,2,6,0,5
オコエ 瑠偉,巨人,2024,外野手,48,12,41,109,24,97
ヘルナンデス,巨人,2024,外野手,69,18,62,171,47,159
モンテス,巨人,2024,内野手,49,12,46,108,29,105
岡田 悠希,巨人,2024,外野手,,,,9,1,7
梶谷 隆幸,巨人,2024,外野手,5,0,4,12,3,12
丸 佳浩,巨人,2024,外野手,204,53,183,387,93,342
岸田 行倫,巨人,2024,捕手,92,22,83,206,43,186
喜多 隆介,巨人,2024,捕手,,,,1,0,1
吉川 尚輝,巨人,2024,内野手,192,47,171,408,107,365
郡 拓也,巨人,2024,捕手,3,0,3,1,0,1
甲斐 拓也,巨人,2024,捕手,153,37,137,239,51,207
佐々木 俊輔,巨人,2024,外野手,27,5,25,129,28,118
坂本 勇人,巨人,2024,内野手,131,30,123,295,64,272
山瀬 慎之助,巨人,2024,捕手,2,0,2,4,2,4
秋広 優人,巨人,2024,内野手,6,1,6,42,11,40
重信 慎之介,巨人,2024,外野手,7,0,7,11,1,8
小林 誠司,巨人,2024,捕手,39,9,34,82,7,71
泉口 友汰,巨人,2024,内野手,48,13,46,136,20,118
浅野 翔吾,巨人,2024,外野手,49,8,46,108,27,100
増田 大輝,巨人,2024,内野手,16,4,11,22,2,19
増田 陸,巨人,2024,内野手,4,0,4,2,0,1
大城 卓三,巨人,2024,捕手,93,21,79,227,51,204
中山 礼都,巨人,2024,内野手,4,0,3,44,14,41
長野 久義,巨人,2024,外野手,49,12,43,48,11,46
湯浅 大,巨人,2024,内野手,2,1,2,5,0,4
萩尾 匡也,巨人,2024,外野手,60,14,58,103,18,91
門脇 誠,巨人,2024,内野手,132,26,115,267,59,235
立岡 宗一郎,巨人,2024,外野手,19,3,16,79,15,68
シャイナー,広島,2024,内野手,17,3,17,14,1,13
シャイナー,広島,2024,内野手,17,3,17,14,1,13
レイノルズ,広島,2024,内野手,3,0,1,3,0,3
レイノルズ,広島,2024,内野手,3,0,1,3,0,3
磯村 嘉孝,広島,2024,捕手,5,0,5,5,0,4
磯村 嘉孝,広島,2024,捕手,5,0,5,5,0,4
宇草 孔基,広島,2024,外野手,13,2,11,62,14,55
宇草 孔基,広島,2024,外野手,13,2,11,62,14,55
羽月 隆太郎,広島,2024,内野手,4,1,3,21,4,19
羽月 隆太郎,広島,2024,内野手,4,1,3,21,4,19
菊池 涼介,広島,2024,内野手,200,50,184,294,59,269
菊池 涼介,広島,2024,内野手,200,50,184,294,59,269
久保 修,広島,2024,外野手,9,0,8,9,1,9
久保 修,広島,2024,外野手,9,0,8,9,1,9
佐藤 啓介,広島,2024,内野手,8,0,7,9,2,8
佐藤 啓介,広島,2024,内野手,8,0,7,9,2,8
坂倉 将吾,広島,2024,捕手,171,47,162,289,72,265
坂倉 将吾,広島,2024,捕手,171,47,162,289,72,265
山足 達也,広島,2024,内野手,9,1,9,8,1,6
山足 達也,広島,2024,内野手,9,1,9,8,1,6
秋山 翔吾,広島,2024,外野手,233,58,223,353,100,324
秋山 翔吾,広島,2024,外野手,233,58,223,353,100,324
小園 海斗,広島,2024,内野手,243,75,228,342,76,312
小園 海斗,広島,2024,内野手,243,75,228,342,76,312
松山 竜平,広島,2024,外野手,13,2,13,63,11,61
松山 竜平,広島,2024,外野手,13,2,13,63,11,61
上本 崇司,広島,2024,内野手,77,16,72,69,11,57
上本 崇司,広島,2024,内野手,77,16,72,69,11,57
石原 貴規,広島,2024,捕手,61,10,55,77,18,67
石原 貴規,広島,2024,捕手,61,10,55,77,18,67
大盛 穂,広島,2024,外野手,10,2,8,25,5,23
大盛 穂,広島,2024,外野手,10,2,8,25,5,23
中村 貴浩,広島,2024,外野手,4,0,3,21,5,21
中村 貴浩,広島,2024,外野手,4,0,3,21,5,21
中村 健人,広島,2024,外野手,21,2,21,3,0,3
中村 健人,広島,2024,外野手,21,2,21,3,0,3
中村 奨成,広島,2024,外野手,40,5,39,30,5,30
中村 奨成,広島,2024,外野手,40,5,39,30,5,30
仲田 侑仁,広島,2024,内野手,1,0,1,3,1,3
仲田 侑仁,広島,2024,内野手,1,0,1,3,1,3
田村 俊介,広島,2024,外野手,20,1,18,85,19,83
田村 俊介,広島,2024,外野手,20,1,18,85,19,83
田中 広輔,広島,2024,内野手,13,2,11,95,13,85
田中 広輔,広島,2024,内野手,13,2,11,95,13,85
堂林 翔太,広島,2024,内野手,119,29,107,155,27,138
堂林 翔太,広島,2024,内野手,119,29,107,155,27,138
内田 湘大,広島,2024,内野手,1,1,1,2,0,2
内田 湘大,広島,2024,内野手,1,1,1,2,0,2
二俣 翔一,広島,2024,内野手,70,11,61,52,10,46
二俣 翔一,広島,2024,内野手,70,11,61,52,10,46
韮澤 雄也,広島,2024,内野手,1,0,1,14,2,14
韮澤 雄也,広島,2024,内野手,1,0,1,14,2,14
末包 昇大,広島,2024,外野手,119,28,111,185,40,175
末包 昇大,広島,2024,外野手,119,28,111,185,40,175
野間 峻祥,広島,2024,外野手,153,33,131,290,73,260
野間 峻祥,広島,2024,外野手,153,33,131,290,73,260
矢野 雅哉,広島,2024,内野手,184,40,161,311,72,269
矢野 雅哉,広島,2024,内野手,184,40,161,311,72,269
林 晃汰,広島,2024,内野手,11,3,11,53,8,49
林 晃汰,広島,2024,内野手,11,3,11,53,8,49
會澤 翼,広島,2024,捕手,87,12,81,72,16,69
會澤 翼,広島,2024,捕手,87,12,81,72,16,69
ノイジー,阪神,2024,外野手,51,12,45,98,19,89
ミエセス,阪神,2024,外野手,14,1,13,5,1,5
井上 広大,阪神,2024,外野手,35,8,33,20,3,19
近本 光司,阪神,2024,外野手,214,70,181,421,90,381
熊谷 敬宥,阪神,2024,内野手,2,0,2,7,1,6
原口 文仁,阪神,2024,内野手,39,10,34,26,4,24
佐藤 輝明,阪神,2024,内野手,144,37,132,351,84,319
坂本 誠志郎,阪神,2024,捕手,75,15,65,143,28,128
糸原 健斗,阪神,2024,内野手,6,2,5,122,22,106
小幡 竜平,阪神,2024,内野手,29,5,24,105,23,92
小野寺 暖,阪神,2024,外野手,19,4,18,10,0,9
植田 海,阪神,2024,内野手,7,2,7,4,1,4
森下 翔太,阪神,2024,外野手,167,41,145,358,85,313
前川 右京,阪神,2024,外野手,56,13,48,306,74,276
大山 悠輔,阪神,2024,内野手,143,34,125,401,91,358
中野 拓夢,阪神,2024,内野手,211,38,177,423,89,370
長坂 拳弥,阪神,2024,捕手,1,0,0,3,0,3
渡邉 諒,阪神,2024,内野手,61,16,57,76,16,66
島田 海吏,阪神,2024,外野手,7,3,7,87,19,73
楠本 泰史,阪神,2024,外野手,11,1,10,20,4,19
梅野 隆太郎,阪神,2024,捕手,91,14,77,225,42,191
豊田 寛,阪神,2024,外野手,16,4,16,3,0,3
木浪 聖也,阪神,2024,内野手,125,21,109,280,56,250
野口 恭佑,阪神,2024,外野手,33,5,27,28,5,26
アギラー,西武,2024,内野手,37,4,33,87,19,80
アギラー,西武,2024,内野手,37,4,33,87,19,80
ガルシア,西武,2024,外野手,20,2,17,49,6,44
ガルシア,西武,2024,外野手,20,2,17,49,6,44
コルデロ,西武,2024,外野手,22,2,21,51,7,49
コルデロ,西武,2024,外野手,22,2,21,51,7,49
セデーニョ,西武,2024,内野手,92,25,85,239,54,219
セデーニョ,西武,2024,内野手,92,25,85,239,54,219
ブランドン,西武,2024,内野手,8,2,8,10,1,8
ブランドン,西武,2024,内野手,8,2,8,10,1,8
奥村 光一,西武,2024,外野手,38,7,36,47,7,44
奥村 光一,西武,2024,外野手,38,7,36,47,7,44
岡田 雅利,西武,2024,捕手,1,1,1,,,
岡田 雅利,西武,2024,捕手,1,1,1,,,
外崎 修汰,西武,2024,内野手,170,35,153,327,64,284
外崎 修汰,西武,2024,内野手,170,35,153,327,64,284
岸 潤一郎,西武,2024,外野手,111,24,104,200,38,183
岸 潤一郎,西武,2024,外野手,111,24,104,200,38,183
金子 侑司,西武,2024,外野手,47,8,43,94,19,85
金子 侑司,西武,2024,外野手,47,8,43,94,19,85
栗山 巧,西武,2024,外野手,48,12,41,105,16,83
栗山 巧,西武,2024,外野手,48,12,41,105,16,83
元山 飛優,西武,2024,内野手,10,2,8,71,9,69
元山 飛優,西武,2024,内野手,10,2,8,71,9,69
源田 壮亮,西武,2024,内野手,218,57,198,358,81,324
源田 壮亮,西武,2024,内野手,218,57,198,358,81,324
古賀 悠斗,西武,2024,捕手,97,22,88,182,34,158
古賀 悠斗,西武,2024,捕手,97,22,88,182,34,158
古市 尊,西武,2024,捕手,5,0,5,1,0,1
古市 尊,西武,2024,捕手,5,0,5,1,0,1
高木 渉,西武,2024,外野手,,,,8,0,7
高木 渉,西武,2024,外野手,,,,8,0,7
佐藤 龍世,西武,2024,内野手,113,26,97,231,46,198
佐藤 龍世,西武,2024,内野手,113,26,97,231,46,198
山村 崇嘉,西武,2024,内野手,87,18,74,136,26,127
山村 崇嘉,西武,2024,内野手,87,18,74,136,26,127
山野辺 翔,西武,2024,内野手,38,9,33,52,8,47
山野辺 翔,西武,2024,内野手,38,9,33,52,8,47
児玉 亮涼,西武,2024,内野手,16,3,13,42,6,37
児玉 亮涼,西武,2024,内野手,16,3,13,42,6,37
松原 聖弥,西武,2024,外野手,31,3,28,57,7,50
松原 聖弥,西武,2024,外野手,31,3,28,57,7,50
西川 愛也,西武,2024,外野手,102,19,94,232,52,219
西川 愛也,西武,2024,外野手,102,19,94,232,52,219
村田 怜音,西武,2024,内野手,5,2,5,8,1,8
村田 怜音,西武,2024,内野手,5,2,5,8,1,8
滝澤 夏央,西武,2024,内野手,38,4,29,99,18,89
滝澤 夏央,西武,2024,内野手,38,4,29,99,18,89
炭谷 銀仁朗,西武,2024,捕手,32,6,29,71,10,56
炭谷 銀仁朗,西武,2024,捕手,32,6,29,71,10,56
中村 剛也,西武,2024,内野手,70,14,64,133,22,124
中村 剛也,西武,2024,内野手,70,14,64,133,22,124
仲田 慶介,西武,2024,内野手,1,0,0,15,3,14
仲田 慶介,西武,2024,内野手,1,0,0,15,3,14
長谷川 信哉,西武,2024,外野手,83,17,76,156,21,132
長谷川 信哉,西武,2024,外野手,83,17,76,156,21,132
柘植 世那,西武,2024,捕手,17,3,16,28,4,26
柘植 世那,西武,2024,捕手,17,3,16,28,4,26
渡部 健人,西武,2024,内野手,16,0,14,22,1,19
渡部 健人,西武,2024,内野手,16,0,14,22,1,19
蛭間 拓哉,西武,2024,外野手,88,18,84,144,29,130
蛭間 拓哉,西武,2024,外野手,88,18,84,144,29,130
平沼 翔太,西武,2024,外野手,45,12,41,99,23,91
平沼 翔太,西武,2024,外野手,45,12,41,99,23,91
牧野 翔矢,西武,2024,捕手,1,0,1,19,1,19
牧野 翔矢,西武,2024,捕手,1,0,1,19,1,19
野村 大樹,西武,2024,内野手,69,10,57,137,30,123
野村 大樹,西武,2024,内野手,69,10,57,137,30,123
陽川 尚将,西武,2024,内野手,15,2,14,18,2,16
陽川 尚将,西武,2024,内野手,15,2,14,18,2,16
鈴木 将平,西武,2024,外野手,24,5,21,52,8,47
鈴木 将平,西武,2024,外野手,24,5,21,52,8,47
髙松 渡,西武,2024,内野手,,,,6,0,6
髙松 渡,西武,2024,内野手,,,,6,0,6
ディカーソン,中日,2024,外野手,29,5,28,72,13,60
ビシエド,中日,2024,内野手,14,2,12,32,7,31
ブライト 健太,中日,2024,外野手,33,5,29,18,6,17
ロドリゲス,中日,2024,内野手,18,2,17,41,5,37
宇佐見 真吾,中日,2024,捕手,62,18,58,102,28,94
鵜飼 航丞,中日,2024,外野手,9,1,9,18,4,18
岡林 勇希,中日,2024,外野手,147,37,134,311,72,291
加藤 匠馬,中日,2024,捕手,38,3,36,95,18,87
細川 成也,中日,2024,外野手,170,52,151,429,104,383
三好 大倫,中日,2024,外野手,23,4,23,67,14,59
山本 泰寛,中日,2024,内野手,84,17,77,95,22,79
駿太,中日,2024,外野手,6,0,6,29,4,26
上林 誠知,中日,2024,外野手,20,4,19,81,14,75
石川 昂弥,中日,2024,内野手,91,16,86,184,53,168
川越 誠司,中日,2024,外野手,15,3,13,60,16,58
大島 洋平,中日,2024,外野手,25,2,24,100,21,93
中島 宏之,中日,2024,内野手,8,0,7,7,0,6
土田 龍空,中日,2024,内野手,12,3,12,33,4,32
板山 祐太郎,中日,2024,外野手,43,9,38,149,33,140
樋口 正修,中日,2024,内野手,,,,1,0,1
尾田 剛樹,中日,2024,外野手,6,0,6,6,0,5
福永 裕基,中日,2024,内野手,135,40,121,267,71,243
味谷 大誠,中日,2024,捕手,,,,1,0,1
木下 拓哉,中日,2024,捕手,50,9,44,153,32,136
スティーブンソン,日本ハム,2024,外野手,8,2,8,55,8,54
マルティネス,日本ハム,2024,捕手,148,24,124,311,68,269
レイエス,日本ハム,2024,外野手,148,39,137,217,58,198
加藤 豪将,日本ハム,2024,内野手,10,1,10,53,9,48
吉田 賢吾,日本ハム,2024,捕手,20,5,20,7,0,6
宮崎 一樹,日本ハム,2024,外野手,4,1,4,2,0,1
郡司 裕也,日本ハム,2024,捕手,172,37,150,322,76,291
古川 裕大,日本ハム,2024,捕手,,,,3,0,2
五十幡 亮汰,日本ハム,2024,外野手,27,4,26,100,14,86
江越 大賀,日本ハム,2024,外野手,3,0,3,7,0,7
今川 優馬,日本ハム,2024,外野手,12,3,12,7,1,7
細川 凌平,日本ハム,2024,内野手,7,0,5,57,12,49
松本 剛,日本ハム,2024,外野手,178,34,162,308,69,275
上川畑 大悟,日本ハム,2024,内野手,108,24,95,197,40,163
進藤 勇也,日本ハム,2024,捕手,,,,3,0,3
水谷 瞬,日本ハム,2024,外野手,156,47,146,196,47,181
水野 達稀,日本ハム,2024,内野手,130,23,119,228,50,213
清宮 幸太郎,日本ハム,2024,内野手,118,30,105,212,57,186
清水 優心,日本ハム,2024,捕手,5,1,5,10,1,9
石井 一成,日本ハム,2024,内野手,71,17,67,148,29,130
中島 卓也,日本ハム,2024,内野手,6,0,6,35,8,33
田宮 裕涼,日本ハム,2024,捕手,116,28,104,232,57,203
奈良間 大己,日本ハム,2024,内野手,64,12,61,86,13,78
梅林 優貴,日本ハム,2024,捕手,,,,5,0,4
伏見 寅威,日本ハム,2024,捕手,60,9,54,124,31,111
福田 光輝,日本ハム,2024,内野手,5,2,5,9,3,9
万波 中正,日本ハム,2024,外野手,193,48,184,362,80,325
野村 佑希,日本ハム,2024,内野手,58,11,56,93,19,87
淺間 大基,日本ハム,2024,外野手,32,5,28,95,25,82
オースティン,DeNA,2025,内野手,91,21,79,149,36,137
ビシエド,DeNA,2025,内野手,45,6,39,45,15,42
フォード,DeNA,2025,内野手,23,4,21,28,5,25
伊藤 光,DeNA,2025,捕手,5,0,5,4,0,4
井上 絢登,DeNA,2025,内野手,13,2,12,18,3,17
加藤 響,DeNA,2025,内野手,13,3,13,2,0,2
蝦名 達夫,DeNA,2025,外野手,186,47,162,212,50,184
梶原 昂希,DeNA,2025,外野手,60,12,56,111,28,108
関根 大気,DeNA,2025,外野手,4,0,4,19,4,19
宮﨑 敏郎,DeNA,2025,内野手,140,38,133,211,51,188
京田 陽太,DeNA,2025,内野手,82,14,76,126,28,118
九鬼 隆平,DeNA,2025,捕手,8,2,8,4,1,4
桑原 将志,DeNA,2025,外野手,177,50,168,266,62,227
戸柱 恭孝,DeNA,2025,捕手,32,4,30,68,19,65
佐野 恵太,DeNA,2025,外野手,222,59,203,344,85,320
三森 大貴,DeNA,2025,内野手,60,13,55,115,21,105
山本 祐大,DeNA,2025,捕手,144,31,139,195,51,172
柴田 竜拓,DeNA,2025,内野手,12,1,10,20,1,12
勝又 温史,DeNA,2025,外野手,4,1,4,5,2,5
松尾 汐恩,DeNA,2025,捕手,69,17,65,121,27,111
森 敬斗,DeNA,2025,内野手,27,3,25,48,8,47
神里 和毅,DeNA,2025,外野手,11,1,11,16,7,15
石上 泰輝,DeNA,2025,内野手,56,5,49,97,29,89
知野 直人,DeNA,2025,内野手,12,1,9,8,2,8
田内 真翔,DeNA,2025,内野手,1,0,1,1,1,1
度会 隆輝,DeNA,2025,外野手,113,20,103,187,45,166
東妻 純平,DeNA,2025,捕手,5,0,5,1,1,1
筒香 嘉智,DeNA,2025,外野手,82,11,72,172,40,152
牧 秀悟,DeNA,2025,内野手,149,43,138,238,58,226
林 琢真,DeNA,2025,内野手,114,15,102,171,47,154
オリバレス,オリックス,2025,外野手,11,2,10,24,4,23
ディアス,オリックス,2025,内野手,46,10,44,93,19,84
横山 聖哉,オリックス,2025,内野手,1,0,1,1,0,1
元 謙太,オリックス,2025,外野手,6,0,4,4,1,3
紅林 弘太郎,オリックス,2025,内野手,127,29,116,319,75,284
山中 稜真,オリックス,2025,捕手,8,2,8,44,4,41
若月 健矢,オリックス,2025,捕手,110,38,105,291,62,264
宗 佑磨,オリックス,2025,内野手,148,26,132,239,56,217
森 友哉,オリックス,2025,捕手,37,6,35,153,27,126
杉本 裕太郎,オリックス,2025,外野手,151,39,129,304,65,272
杉澤 龍,オリックス,2025,外野手,4,1,3,12,2,12
西川 龍馬,オリックス,2025,外野手,119,39,113,292,81,274
西野 真弘,オリックス,2025,内野手,52,14,46,200,52,184
石川 亮,オリックス,2025,捕手,1,0,1,,,
太田 椋,オリックス,2025,内野手,141,42,130,352,85,318
大城 滉二,オリックス,2025,内野手,37,10,34,42,7,34
大里 昂生,オリックス,2025,内野手,21,4,20,80,15,65
茶野 篤政,オリックス,2025,外野手,,,,12,2,12
中川 圭太,オリックス,2025,内野手,141,41,135,322,82,298
渡部 遼人,オリックス,2025,外野手,1,0,0,13,2,10
頓宮 裕真,オリックス,2025,捕手,165,33,146,358,85,327
麦谷 祐介,オリックス,2025,外野手,30,7,25,123,24,109
福永 奨,オリックス,2025,捕手,25,4,22,49,6,44
福田 周平,オリックス,2025,外野手,23,3,22,41,6,32
堀 柊那,オリックス,2025,捕手,,,,3,1,3
野口 智哉,オリックス,2025,内野手,5,0,5,59,8,50
来田 涼斗,オリックス,2025,外野手,31,5,28,104,24,96
廣岡 大志,オリックス,2025,内野手,121,32,105,332,70,297
ダウンズ,ソフトバンク,2025,内野手,65,6,57,104,27,90
井上 朋也,ソフトバンク,2025,内野手,16,2,16,8,1,8
海野 隆司,ソフトバンク,2025,捕手,89,18,78,191,36,168
近藤 健介,ソフトバンク,2025,外野手,99,20,86,204,57,170
栗原 陵矢,ソフトバンク,2025,内野手,122,24,103,209,52,182
今宮 健太,ソフトバンク,2025,内野手,63,11,56,119,30,105
佐藤 直樹,ソフトバンク,2025,外野手,100,25,91,112,20,97
笹川 吉康,ソフトバンク,2025,外野手,12,2,12,51,11,49
山川 穂高,ソフトバンク,2025,内野手,163,35,145,331,65,298
山本 恵大,ソフトバンク,2025,外野手,5,1,5,75,14,65
周東 佑京,ソフトバンク,2025,内野手,148,40,134,280,70,250
秋広 優人,ソフトバンク,2025,内野手,18,5,17,49,7,43
緒方 理貢,ソフトバンク,2025,外野手,19,5,18,60,11,56
庄子 雄大,ソフトバンク,2025,内野手,7,2,6,11,2,11
正木 智也,ソフトバンク,2025,外野手,15,1,15,50,14,43
石塚 綜一郎,ソフトバンク,2025,捕手,37,9,36,23,4,19
川瀬 晃,ソフトバンク,2025,内野手,54,12,45,170,38,145
川村 友斗,ソフトバンク,2025,外野手,1,0,1,8,1,8
谷川原 健太,ソフトバンク,2025,捕手,33,13,30,46,6,42
中村 晃,ソフトバンク,2025,外野手,136,27,125,295,62,246
渡邉 陸,ソフトバンク,2025,捕手,10,3,10,40,7,35
牧原 大成,ソフトバンク,2025,内野手,132,38,124,311,89,294
野村 勇,ソフトバンク,2025,内野手,152,38,139,259,64,237
柳町 達,ソフトバンク,2025,外野手,174,48,149,343,81,294
柳田 悠岐,ソフトバンク,2025,外野手,23,7,22,54,14,51
嶺井 博希,ソフトバンク,2025,捕手,59,16,55,102,16,88
廣瀨 隆太,ソフトバンク,2025,内野手,34,8,31,60,11,54
オスナ,ヤクルト,2025,内野手,205,63,189,364,71,337
サンタナ,ヤクルト,2025,外野手,71,17,58,169,41,154
伊藤 琉偉,ヤクルト,2025,内野手,95,20,89,107,18,95
丸山 和郁,ヤクルト,2025,外野手,9,2,8,27,2,25
岩田 幸宏,ヤクルト,2025,外野手,134,24,118,260,69,234
宮本 丈,ヤクルト,2025,内野手,7,3,5,96,20,82
橋本 星哉,ヤクルト,2025,捕手,1,0,1,16,2,15
古賀 優大,ヤクルト,2025,捕手,103,29,94,184,44,167
山田 哲人,ヤクルト,2025,内野手,140,40,129,233,38,208
山野辺 翔,ヤクルト,2025,内野手,14,2,12,12,2,10
松本 直樹,ヤクルト,2025,捕手,15,2,14,21,4,20
西川 遥輝,ヤクルト,2025,外野手,29,1,26,105,19,89
西村 瑠伊斗,ヤクルト,2025,内野手,3,0,3,8,1,8
赤羽 由紘,ヤクルト,2025,内野手,112,20,99,178,34,159
川端 慎吾,ヤクルト,2025,内野手,,,,2,1,2
増田 珠,ヤクルト,2025,外野手,88,18,80,44,9,36
村上 宗隆,ヤクルト,2025,内野手,89,22,79,131,28,106
太田 賢吾,ヤクルト,2025,外野手,44,8,38,84,18,78
中村 悠平,ヤクルト,2025,捕手,82,15,70,136,28,117
長岡 秀樹,ヤクルト,2025,内野手,95,16,90,163,44,154
田中 陽翔,ヤクルト,2025,内野手,4,0,4,9,4,9
内山 壮真,ヤクルト,2025,捕手,192,45,174,274,66,245
武岡 龍世,ヤクルト,2025,内野手,31,6,26,88,13,78
並木 秀尊,ヤクルト,2025,外野手,72,20,68,56,9,46
北村 恵吾,ヤクルト,2025,内野手,48,13,40,90,18,79
北村 拓己,ヤクルト,2025,内野手,61,12,53,71,10,63
茂木 栄五郎,ヤクルト,2025,内野手,40,8,34,132,28,116
鈴木 叶,ヤクルト,2025,捕手,2,1,2,4,1,4
澤井 廉,ヤクルト,2025,外野手,35,7,35,42,7,40
濱田 太貴,ヤクルト,2025,外野手,39,7,37,62,14,57
アセベド,ロッテ,2025,外野手,,,,12,2,11
ソト,ロッテ,2025,内野手,106,19,96,261,57,234
ポランコ,ロッテ,2025,外野手,58,7,53,95,21,86
愛斗,ロッテ,2025,外野手,9,0,7,11,2,8
安田 尚憲,ロッテ,2025,内野手,101,24,94,249,53,224
岡 大海,ロッテ,2025,外野手,85,21,71,95,22,86
角中 勝也,ロッテ,2025,外野手,3,0,2,50,7,40
宮崎 竜成,ロッテ,2025,内野手,29,5,26,81,14,72
佐藤 都志也,ロッテ,2025,捕手,56,14,48,167,27,150
山口 航輝,ロッテ,2025,外野手,34,8,33,78,19,73
山本 大斗,ロッテ,2025,外野手,143,30,129,274,49,256
寺地 隆成,ロッテ,2025,捕手,153,44,143,290,62,271
小川 龍成,ロッテ,2025,内野手,29,6,23,173,41,155
松川 虎生,ロッテ,2025,捕手,2,0,1,7,0,7
上田 希由翔,ロッテ,2025,内野手,43,8,38,141,27,128
植田 将太,ロッテ,2025,捕手,0,0,0,5,1,5
西川 史礁,ロッテ,2025,外野手,134,39,125,310,78,292
石垣 雅海,ロッテ,2025,内野手,9,1,7,11,1,7
石川 慎吾,ロッテ,2025,外野手,27,3,26,9,0,9
池田 来翔,ロッテ,2025,内野手,99,22,94,150,32,133
茶谷 健太,ロッテ,2025,内野手,27,5,23,14,3,13
中村 奨吾,ロッテ,2025,内野手,38,7,36,26,4,23
田村 龍弘,ロッテ,2025,捕手,15,2,14,28,4,24
藤岡 裕大,ロッテ,2025,内野手,124,32,107,249,50,213
藤原 恭大,ロッテ,2025,外野手,141,31,132,310,80,277
友杉 篤輝,ロッテ,2025,内野手,114,30,101,206,34,179
立松 由宇,ロッテ,2025,内野手,,,,6,0,6
和田 康士朗,ロッテ,2025,外野手,,,,10,1,8
髙部 瑛斗,ロッテ,2025,外野手,98,21,87,286,81,270
ゴンザレス,楽天,2025,外野手,74,15,70,134,31,131
フランコ,楽天,2025,内野手,136,31,124,211,44,193
ボイト,楽天,2025,内野手,88,25,80,186,48,163
阿部 寿樹,楽天,2025,内野手,50,7,41,79,16,64
伊藤 裕季也,楽天,2025,内野手,95,19,86,35,6,32
岡島 豪郎,楽天,2025,外野手,,,,1,1,1
吉納 翼,楽天,2025,外野手,,,,3,0,3
吉野 創士,楽天,2025,外野手,3,1,3,10,2,10
黒川 史陽,楽天,2025,内野手,105,21,88,238,69,213
宗山 塁,楽天,2025,内野手,128,27,118,331,85,312
小郷 裕哉,楽天,2025,外野手,51,5,49,141,25,124
小森 航大郎,楽天,2025,内野手,50,12,48,30,3,28
小深田 大翔,楽天,2025,内野手,129,19,109,228,46,190
石原 彪,楽天,2025,捕手,13,1,12,25,2,20
浅村 栄斗,楽天,2025,内野手,135,27,113,255,52,219
村林 一輝,楽天,2025,内野手,194,53,178,362,91,335
太田 光,楽天,2025,捕手,90,16,74,141,17,114
辰己 涼介,楽天,2025,外野手,146,31,124,276,57,243
中島 大輔,楽天,2025,外野手,159,44,153,333,79,310
田中 貴也,楽天,2025,捕手,1,1,1,4,0,2
田中 和基,楽天,2025,外野手,8,0,8,10,1,10
渡邊 佳明,楽天,2025,内野手,28,7,27,138,34,120
島内 宏明,楽天,2025,外野手,5,0,4,6,0,6
入江 大樹,楽天,2025,内野手,7,1,7,3,0,3
武藤 敦貴,楽天,2025,外野手,24,5,22,106,17,86
堀内 謙伍,楽天,2025,捕手,64,14,56,129,29,112
陽 柏翔,楽天,2025,内野手,,,,2,1,2
鈴木 大地,楽天,2025,内野手,40,6,34,157,35,138
オコエ 瑠偉,巨人,2025,外野手,77,20,69,63,11,57
キャベッジ,巨人,2025,外野手,200,54,181,273,61,249
フルプ,巨人,2025,外野手,,,,5,0,5
ヘルナンデス,巨人,2025,外野手,60,11,54,110,21,98
リチャード,巨人,2025,内野手,98,20,90,177,31,164
浦田 俊輔,巨人,2025,内野手,22,5,20,38,6,33
岡田 悠希,巨人,2025,外野手,3,0,3,16,3,15
岡本 和真,巨人,2025,内野手,112,36,95,179,46,156
丸 佳浩,巨人,2025,外野手,155,36,144,211,51,181
岸田 行倫,巨人,2025,捕手,117,37,106,180,41,158
吉川 尚輝,巨人,2025,内野手,179,40,159,276,72,245
郡 拓也,巨人,2025,捕手,2,0,2,,,
甲斐 拓也,巨人,2025,捕手,86,19,75,161,39,148
荒巻 悠,巨人,2025,内野手,12,2,12,49,14,42
佐々木 俊輔,巨人,2025,外野手,45,9,37,116,26,104
坂本 勇人,巨人,2025,内野手,74,17,66,98,15,87
笹原 操希,巨人,2025,外野手,9,1,8,13,1,12
三塚 琉生,巨人,2025,外野手,4,0,4,8,0,8
山瀬 慎之助,巨人,2025,捕手,,,,4,1,4
若林 楽人,巨人,2025,外野手,81,16,71,159,36,144
重信 慎之介,巨人,2025,外野手,,,,3,1,3
小林 誠司,巨人,2025,捕手,7,1,6,19,2,15
石塚 裕惺,巨人,2025,内野手,5,1,5,4,0,4
泉口 友汰,巨人,2025,内野手,227,60,206,343,94,305
浅野 翔吾,巨人,2025,外野手,26,4,23,57,10,52
増田 大輝,巨人,2025,内野手,10,2,9,14,1,12
増田 陸,巨人,2025,内野手,116,27,108,169,34,156
大城 卓三,巨人,2025,捕手,30,3,29,69,14,62
中山 礼都,巨人,2025,内野手,90,17,89,221,59,198
長野 久義,巨人,2025,外野手,15,1,14,9,2,8
湯浅 大,巨人,2025,内野手,1,0,1,2,0,2
萩尾 匡也,巨人,2025,外野手,8,1,7,16,3,16
門脇 誠,巨人,2025,内野手,49,10,44,127,25,113
ファビアン,広島,2025,外野手,212,54,199,358,95,340
モンテロ,広島,2025,内野手,153,37,143,241,57,225
磯村 嘉孝,広島,2025,捕手,4,0,4,3,0,3
羽月 隆太郎,広島,2025,内野手,22,4,21,96,27,84
菊池 涼介,広島,2025,内野手,182,40,167,207,49,188
久保 修,広島,2025,外野手,5,0,5,9,2,8
佐々木 泰,広島,2025,内野手,53,13,53,132,36,129
佐藤 啓介,広島,2025,内野手,2,0,2,14,1,13
坂倉 将吾,広島,2025,捕手,144,31,130,254,51,215
山足 達也,広島,2025,内野手,7,1,5,7,0,4
秋山 翔吾,広島,2025,外野手,44,8,38,113,30,107
小園 海斗,広島,2025,内野手,230,64,212,337,97,309
松山 竜平,広島,2025,外野手,,,,1,0,1
上本 崇司,広島,2025,内野手,23,5,20,8,0,7
清水 叶人,広島,2025,捕手,,,,14,2,13
石原 貴規,広島,2025,捕手,53,11,49,63,9,55
前川 誠太,広島,2025,内野手,23,8,22,33,2,32
大盛 穂,広島,2025,外野手,44,9,43,128,34,119
中村 健人,広島,2025,外野手,9,0,5,1,0,1
中村 奨成,広島,2025,外野手,158,41,148,210,56,196
田村 俊介,広島,2025,外野手,12,4,12,56,12,51
田中 広輔,広島,2025,内野手,9,0,7,35,5,27
渡邉 悠斗,広島,2025,内野手,,,,8,1,8
堂林 翔太,広島,2025,内野手,30,7,27,47,6,43
内田 湘大,広島,2025,内野手,2,0,2,8,2,7
二俣 翔一,広島,2025,内野手,69,9,64,61,13,54
末包 昇大,広島,2025,外野手,189,52,172,288,54,265
野間 峻祥,広島,2025,外野手,26,6,23,139,32,131
矢野 雅哉,広島,2025,内野手,131,22,107,203,37,177
林 晃汰,広島,2025,内野手,5,0,5,43,9,43
會澤 翼,広島,2025,捕手,17,0,14,36,5,29
セデーニョ,西武,2025,内野手,64,16,61,180,35,164
デービス,西武,2025,内野手,33,5,29,98,18,84
ネビン,西武,2025,外野手,156,30,141,411,111,368
モンテル,西武,2025,外野手,3,0,3,8,1,8
外崎 修汰,西武,2025,内野手,117,22,103,296,62,256
岸 潤一郎,西武,2025,外野手,10,1,10,21,4,20
栗山 巧,西武,2025,外野手,5,0,5,18,2,18
元山 飛優,西武,2025,内野手,11,0,11,82,13,74
源田 壮亮,西武,2025,内野手,113,24,99,248,43,221
古賀 悠斗,西武,2025,捕手,82,20,75,246,46,214
古市 尊,西武,2025,捕手,5,3,5,14,5,13
古川 雄大,西武,2025,外野手,3,1,1,13,0,11
佐藤 太陽,西武,2025,内野手,8,2,6,26,3,24
山村 崇嘉,西武,2025,内野手,55,13,49,176,39,162
児玉 亮涼,西武,2025,内野手,26,5,23,27,3,24
松原 聖弥,西武,2025,外野手,3,1,3,21,5,19
西川 愛也,西武,2025,外野手,184,43,172,368,91,335
村田 怜音,西武,2025,内野手,21,4,21,64,12,61
滝澤 夏央,西武,2025,内野手,127,24,111,311,66,274
炭谷 銀仁朗,西武,2025,捕手,34,10,32,54,9,49
中村 剛也,西武,2025,内野手,40,7,33,69,16,63
仲三河 優太,西武,2025,外野手,1,0,1,9,2,8
仲田 慶介,西武,2025,内野手,26,4,23,70,16,64
長谷川 信哉,西武,2025,外野手,134,34,121,316,56,279
柘植 世那,西武,2025,捕手,6,1,5,11,1,11
渡部 聖弥,西武,2025,外野手,122,36,114,328,74,311
蛭間 拓哉,西武,2025,外野手,20,4,19,17,2,15
平沼 翔太,西武,2025,外野手,29,4,28,134,30,128
平沢 大河,西武,2025,内野手,2,0,2,15,1,15
牧野 翔矢,西武,2025,捕手,16,4,16,51,9,45
野村 大樹,西武,2025,内野手,10,0,10,26,6,25
齋藤 大翔,西武,2025,内野手,4,1,4,8,0,7
髙松 渡,西武,2025,内野手,9,0,7,10,1,10
カリステ,中日,2025,内野手,76,16,71,116,24,105
チェイビス,中日,2025,内野手,39,7,37,80,11,68
ブライト 健太,中日,2025,外野手,84,21,75,73,15,64
ボスラー,中日,2025,外野手,153,35,143,338,83,309
ロドリゲス,中日,2025,内野手,10,3,8,24,3,21
宇佐見 真吾,中日,2025,捕手,3,0,2,37,4,32
鵜飼 航丞,中日,2025,外野手,20,5,20,33,5,33
岡林 勇希,中日,2025,外野手,205,51,191,428,117,387
加藤 匠馬,中日,2025,捕手,22,3,19,52,12,45
高橋 周平,中日,2025,内野手,24,4,22,76,18,72
佐藤 龍世,中日,2025,内野手,34,8,28,43,5,38
細川 成也,中日,2025,外野手,141,38,120,282,54,240
山本 泰寛,中日,2025,内野手,158,35,152,214,49,195
駿太,中日,2025,外野手,1,0,0,17,4,17
上林 誠知,中日,2025,外野手,134,33,127,378,98,359
森 駿太,中日,2025,内野手,10,2,9,12,2,11
石伊 雄太,中日,2025,捕手,90,21,80,179,31,155
石橋 康太,中日,2025,捕手,7,0,5,5,1,3
石川 昂弥,中日,2025,内野手,23,5,23,52,5,49
川越 誠司,中日,2025,外野手,4,0,2,40,7,36
村松 開人,中日,2025,内野手,47,7,40,139,21,118
大島 洋平,中日,2025,外野手,15,5,15,83,18,80
中田 翔,中日,2025,内野手,35,6,34,34,4,29
津田 啓史,中日,2025,内野手,2,0,2,1,0,1
辻本 倫太郎,中日,2025,内野手,35,5,34,21,2,19
田中 幹也,中日,2025,内野手,119,26,102,245,59,213
土田 龍空,中日,2025,内野手,16,3,16,37,4,35
板山 祐太郎,中日,2025,内野手,12,1,11,180,36,168
樋口 正修,中日,2025,内野手,2,0,2,23,2,20
尾田 剛樹,中日,2025,外野手,,,,5,0,5
福永 裕基,中日,2025,内野手,18,6,17,39,3,35
味谷 大誠,中日,2025,捕手,2,0,2,6,1,5
木下 拓哉,中日,2025,捕手,46,9,42,76,18,70
濱 将乃介,中日,2025,外野手,1,1,1,3,0,3
マルティネス,日本ハム,2025,捕手,22,2,21,51,10,48
レイエス,日本ハム,2025,外野手,165,50,143,363,82,333
吉田 賢吾,日本ハム,2025,捕手,52,9,48,60,14,58
宮崎 一樹,日本ハム,2025,外野手,4,0,4,2,1,2
郡司 裕也,日本ハム,2025,捕手,131,34,108,292,74,257
五十幡 亮汰,日本ハム,2025,外野手,70,13,65,238,53,220
今川 優馬,日本ハム,2025,外野手,26,6,25,31,7,28
細川 凌平,日本ハム,2025,内野手,1,0,0,18,2,16
阪口 樂,日本ハム,2025,内野手,,,,1,0,1
山縣 秀,日本ハム,2025,内野手,68,13,64,130,30,121
若林 晃弘,日本ハム,2025,内野手,,,,7,1,7
松本 剛,日本ハム,2025,外野手,71,14,65,114,16,95
上川畑 大悟,日本ハム,2025,内野手,21,0,21,60,12,51
進藤 勇也,日本ハム,2025,捕手,7,0,6,24,2,20
水谷 瞬,日本ハム,2025,外野手,106,35,102,215,47,194
水野 達稀,日本ハム,2025,内野手,90,21,84,242,52,211
清宮 幸太郎,日本ハム,2025,内野手,183,51,170,394,92,355
石井 一成,日本ハム,2025,内野手,100,20,92,263,66,240
中島 卓也,日本ハム,2025,内野手,2,1,1,28,6,20
田宮 裕涼,日本ハム,2025,捕手,61,11,54,213,51,191
奈良間 大己,日本ハム,2025,内野手,32,6,30,71,14,61
梅林 優貴,日本ハム,2025,捕手,2,0,2,3,0,3
伏見 寅威,日本ハム,2025,捕手,66,18,61,109,20,97
万波 中正,日本ハム,2025,外野手,154,32,138,307,64,282
野村 佑希,日本ハム,2025,内野手,131,34,119,238,57,220
有薗 直輝,日本ハム,2025,内野手,9,2,8,26,5,23
淺間 大基,日本ハム,2025,外野手,15,3,13,93,14,79