選手名,球団,年度,ポジション,対被左打数,対左被安打,対被右打数,対右被安打
エスコバー,DeNA,2021,投手,91,19,117,20
シャッケルフォード,DeNA,2021,投手,55,15,62,13
ピープルズ,DeNA,2021,投手,92,26,79,15
ロメロ,DeNA,2021,投手,177,55,129,34
伊勢 大夢,DeNA,2021,投手,67,18,57,12
笠井 崇正,DeNA,2021,投手,4,2,4,3
宮國 椋丞,DeNA,2021,投手,25,8,36,10
京山 将弥,DeNA,2021,投手,170,52,132,39
今永 昇太,DeNA,2021,投手,184,46,255,51
砂田 毅樹,DeNA,2021,投手,98,18,45,8
坂本 裕哉,DeNA,2021,投手,127,39,151,50
阪口 皓亮,DeNA,2021,投手,76,20,59,17
三上 朋也,DeNA,2021,投手,56,16,78,20
三嶋 一輝,DeNA,2021,投手,128,40,102,26
山﨑 康晃,DeNA,2021,投手,119,34,90,24
上茶谷 大河,DeNA,2021,投手,77,22,57,15
進藤 拓也,DeNA,2021,投手,1,0,2,0
石田 健大,DeNA,2021,投手,72,25,72,19
大貫 晋一,DeNA,2021,投手,248,83,212,54
池谷 蒼大,DeNA,2021,投手,8,0,12,2
中川 虎大,DeNA,2021,投手,54,17,51,15
田中 健二朗,DeNA,2021,投手,8,2,7,1
東 克樹,DeNA,2021,投手,38,5,32,5
入江 大生,DeNA,2021,投手,42,11,28,11
武藤 祐太,DeNA,2021,投手,1,0,,
風張 蓮,DeNA,2021,投手,18,6,15,6
平田 真吾,DeNA,2021,投手,83,25,77,16
平良 拳太郎,DeNA,2021,投手,20,5,15,1
有吉 優樹,DeNA,2021,投手,17,5,9,3
櫻井 周斗,DeNA,2021,投手,81,17,70,19
濵口 遥大,DeNA,2021,投手,145,38,181,35
K-鈴木,オリックス,2021,投手,73,17,72,17
スパークマン,オリックス,2021,投手,41,9,23,6
バルガス,オリックス,2021,投手,24,7,15,6
ヒギンス,オリックス,2021,投手,89,18,81,19
阿部 翔太,オリックス,2021,投手,10,4,5,0
海田 智行,オリックス,2021,投手,29,6,8,2
吉田 凌,オリックス,2021,投手,19,3,37,4
宮城 大弥,オリックス,2021,投手,222,52,312,66
金田 和之,オリックス,2021,投手,12,2,25,6
榊原 翼,オリックス,2021,投手,4,3,6,1
山岡 泰輔,オリックス,2021,投手,146,36,123,28
山田 修義,オリックス,2021,投手,99,25,59,13
山本 由伸,オリックス,2021,投手,386,67,296,57
山﨑 福也,オリックス,2021,投手,205,51,230,60
山﨑 颯一郎,オリックス,2021,投手,74,21,67,11
漆原 大晟,オリックス,2021,投手,55,12,72,18
増井 浩俊,オリックス,2021,投手,131,34,142,43
村西 良太,オリックス,2021,投手,13,5,38,10
竹安 大知,オリックス,2021,投手,97,24,85,24
中川 颯,オリックス,2021,投手,1,1,4,1
張 奕,オリックス,2021,投手,24,8,27,13
田嶋 大樹,オリックス,2021,投手,229,60,308,77
能見 篤史,オリックス,2021,投手,36,13,49,13
比嘉 幹貴,オリックス,2021,投手,10,2,57,12
富山 凌雅,オリックス,2021,投手,88,23,80,14
平野 佳寿,オリックス,2021,投手,73,18,77,12
本田 仁海,オリックス,2021,投手,22,7,18,6
鈴木 優,オリックス,2021,投手,19,6,19,3
澤田 圭佑,オリックス,2021,投手,27,11,27,4
齋藤 綱記,オリックス,2021,投手,5,1,4,1
スチュワート・ジュニア,ソフトバンク,2021,投手,40,13,46,8
マルティネス,ソフトバンク,2021,投手,278,62,227,46
モイネロ,ソフトバンク,2021,投手,51,9,54,6
嘉弥真 新也,ソフトバンク,2021,投手,80,15,24,7
笠谷 俊介,ソフトバンク,2021,投手,93,24,127,28
岩嵜 翔,ソフトバンク,2021,投手,85,18,78,19
古谷 優人,ソフトバンク,2021,投手,26,4,21,3
甲斐野 央,ソフトバンク,2021,投手,30,9,44,7
高橋 礼,ソフトバンク,2021,投手,69,21,55,10
松本 裕樹,ソフトバンク,2021,投手,133,33,137,31
森 唯斗,ソフトバンク,2021,投手,56,7,48,13
杉山 一樹,ソフトバンク,2021,投手,39,5,43,8
石川 柊太,ソフトバンク,2021,投手,297,71,275,64
千賀 滉大,ソフトバンク,2021,投手,144,33,162,27
川原 弘之,ソフトバンク,2021,投手,5,3,4,0
泉 圭輔,ソフトバンク,2021,投手,37,7,56,13
大関 友久,ソフトバンク,2021,投手,45,9,29,3
大竹 耕太郎,ソフトバンク,2021,投手,4,0,13,7
津森 宥紀,ソフトバンク,2021,投手,53,9,65,15
田浦 文丸,ソフトバンク,2021,投手,35,8,46,14
田中 正義,ソフトバンク,2021,投手,28,3,28,6
渡邉 雄大,ソフトバンク,2021,投手,11,3,6,3
東浜 巨,ソフトバンク,2021,投手,148,42,150,43
板東 湧梧,ソフトバンク,2021,投手,64,15,80,13
尾形 崇斗,ソフトバンク,2021,投手,16,2,15,1
武田 翔太,ソフトバンク,2021,投手,124,25,156,41
和田 毅,ソフトバンク,2021,投手,158,47,203,48
髙橋 純平,ソフトバンク,2021,投手,17,3,20,3
サイスニード,ヤクルト,2021,投手,134,35,113,25
スアレス,ヤクルト,2021,投手,144,35,149,47
マクガフ,ヤクルト,2021,投手,120,22,109,21
奥川 恭伸,ヤクルト,2021,投手,191,52,201,47
吉田 大喜,ヤクルト,2021,投手,53,15,43,16
近藤 弘樹,ヤクルト,2021,投手,31,8,34,7
金久保 優斗,ヤクルト,2021,投手,90,22,70,17
原 樹理,ヤクルト,2021,投手,99,30,80,15
高橋 奎二,ヤクルト,2021,投手,134,28,148,31
高梨 裕稔,ヤクルト,2021,投手,117,29,127,33
今野 龍太,ヤクルト,2021,投手,137,30,96,25
坂本 光士郎,ヤクルト,2021,投手,46,14,76,15
山野 太一,ヤクルト,2021,投手,3,2,6,3
寺島 成輝,ヤクルト,2021,投手,3,2,7,3
小川 泰弘,ヤクルト,2021,投手,240,62,246,70
杉山 晃基,ヤクルト,2021,投手,11,5,15,4
星 知弥,ヤクルト,2021,投手,47,14,48,9
清水 昇,ヤクルト,2021,投手,140,26,107,29
石山 泰稚,ヤクルト,2021,投手,112,30,103,24
石川 雅規,ヤクルト,2021,投手,139,36,170,45
大下 佑馬,ヤクルト,2021,投手,76,18,69,16
大西 広樹,ヤクルト,2021,投手,81,19,63,17
長谷川 宙輝,ヤクルト,2021,投手,5,0,9,4
田口 麗斗,ヤクルト,2021,投手,196,64,210,62
梅野 雄吾,ヤクルト,2021,投手,49,13,45,9
ハーマン,ロッテ,2021,投手,90,21,83,26
フローレス,ロッテ,2021,投手,19,4,27,5
ロメロ,ロッテ,2021,投手,45,13,36,6
益田 直也,ロッテ,2021,投手,112,17,117,26
横山 陸人,ロッテ,2021,投手,21,6,21,8
河村 説人,ロッテ,2021,投手,83,23,68,16
岩下 大輝,ロッテ,2021,投手,257,51,197,59
国吉 佑樹,ロッテ,2021,投手,104,22,88,20
佐々木 千隼,ロッテ,2021,投手,117,22,81,14
佐々木 朗希,ロッテ,2021,投手,134,27,103,24
小島 和哉,ロッテ,2021,投手,273,65,266,58
小野 郁,ロッテ,2021,投手,85,16,98,21
成田 翔,ロッテ,2021,投手,7,1,5,2
石川 歩,ロッテ,2021,投手,160,37,134,36
大嶺 祐太,ロッテ,2021,投手,21,5,27,10
中村 稔弥,ロッテ,2021,投手,80,21,67,19
田中 靖洋,ロッテ,2021,投手,68,18,67,24
土居 豪人,ロッテ,2021,投手,28,10,24,5
土肥 星也,ロッテ,2021,投手,5,4,5,2
唐川 侑己,ロッテ,2021,投手,71,19,63,10
東妻 勇輔,ロッテ,2021,投手,72,26,61,12
東條 大樹,ロッテ,2021,投手,5,3,9,4
南 昌輝,ロッテ,2021,投手,,,1,0
二木 康太,ロッテ,2021,投手,247,65,204,54
美馬 学,ロッテ,2021,投手,240,71,218,68
本前 郁也,ロッテ,2021,投手,61,18,83,23
鈴木 昭汰,ロッテ,2021,投手,139,35,163,43
ブセニッツ,楽天,2021,投手,52,18,60,14
安樂 智大,楽天,2021,投手,110,24,90,21
塩見 貴洋,楽天,2021,投手,5,1,15,4
釜田 佳直,楽天,2021,投手,8,3,10,5
岸 孝之,楽天,2021,投手,299,77,269,72
弓削 隼人,楽天,2021,投手,19,6,38,14
高田 孝一,楽天,2021,投手,17,3,9,3
酒居 知史,楽天,2021,投手,97,22,82,11
松井 裕樹,楽天,2021,投手,57,12,88,10
森原 康平,楽天,2021,投手,58,13,58,16
菅原 秀,楽天,2021,投手,5,1,3,1
西口 直人,楽天,2021,投手,107,19,103,27
石橋 良太,楽天,2021,投手,28,7,19,5
宋 家豪,楽天,2021,投手,114,23,105,23
早川 隆久,楽天,2021,投手,240,70,280,62
則本 昂大,楽天,2021,投手,291,63,248,60
瀧中 瞭太,楽天,2021,投手,219,51,168,46
津留﨑 大成,楽天,2021,投手,16,5,24,6
田中 将大,楽天,2021,投手,309,72,266,59
渡邊 佑樹,楽天,2021,投手,9,4,8,1
内間 拓馬,楽天,2021,投手,20,3,20,6
福井 優也,楽天,2021,投手,37,8,39,9
福山 博之,楽天,2021,投手,51,11,35,12
牧田 和久,楽天,2021,投手,34,11,33,6
涌井 秀章,楽天,2021,投手,204,63,178,47
鈴木 翔天,楽天,2021,投手,9,3,6,0
髙田 萌生,楽天,2021,投手,17,7,17,6
サンチェス,巨人,2021,投手,153,42,132,40
デラロサ,巨人,2021,投手,66,16,92,22
ビエイラ,巨人,2021,投手,104,20,92,18
メルセデス,巨人,2021,投手,140,40,195,56
井納 翔一,巨人,2021,投手,7,4,18,7
横川 凱,巨人,2021,投手,15,5,19,4
鍵谷 陽平,巨人,2021,投手,59,17,100,22
古川 侑利,巨人,2021,投手,2,0,4,3
戸郷 翔征,巨人,2021,投手,300,77,261,53
戸根 千明,巨人,2021,投手,74,10,57,15
戸田 懐生,巨人,2021,投手,4,0,7,3
高木 京介,巨人,2021,投手,37,9,34,13
高梨 雄平,巨人,2021,投手,87,17,56,17
今村 信貴,巨人,2021,投手,94,24,149,42
桜井 俊貴,巨人,2021,投手,51,12,74,23
山口 俊,巨人,2021,投手,150,37,143,29
沼田 翔平,巨人,2021,投手,3,1,6,2
菅野 智之,巨人,2021,投手,214,55,208,35
大江 竜聖,巨人,2021,投手,84,21,37,8
大竹 寛,巨人,2021,投手,4,2,7,3
中川 皓太,巨人,2021,投手,89,28,108,19
直江 大輔,巨人,2021,投手,28,10,16,5
田中 豊樹,巨人,2021,投手,56,9,73,13
畠 世周,巨人,2021,投手,162,43,188,40
平内 龍太,巨人,2021,投手,9,5,12,3
野上 亮磨,巨人,2021,投手,24,4,31,4
髙橋 優貴,巨人,2021,投手,248,64,272,61
ケムナ 誠,広島,2021,投手,82,22,74,23
コルニエル,広島,2021,投手,106,31,122,25
ネバラスカス,広島,2021,投手,3,2,6,1
バード,広島,2021,投手,38,10,42,11
フランスア,広島,2021,投手,9,4,15,5
遠藤 淳志,広島,2021,投手,19,5,10,4
菊池 保則,広島,2021,投手,56,15,64,16
玉村 昇悟,広島,2021,投手,154,34,227,61
九里 亜蓮,広島,2021,投手,318,85,251,65
栗林 良吏,広島,2021,投手,91,16,80,7
高橋 昂也,広島,2021,投手,99,27,195,58
高橋 樹也,広島,2021,投手,44,10,52,10
小林 樹斗,広島,2021,投手,7,1,10,5
床田 寛樹,広島,2021,投手,116,31,222,60
森浦 大輔,広島,2021,投手,79,24,95,15
森下 暢仁,広島,2021,投手,329,85,271,59
大瀬良 大地,広島,2021,投手,274,72,273,64
大道 温貴,広島,2021,投手,105,27,94,23
中村 祐太,広島,2021,投手,32,14,24,7
中田 廉,広島,2021,投手,40,12,34,8
中﨑 翔太,広島,2021,投手,12,5,8,4
藤井 黎來,広島,2021,投手,14,3,14,8
野村 祐輔,広島,2021,投手,99,35,48,13
矢崎 拓也,広島,2021,投手,10,3,17,4
薮田 和樹,広島,2021,投手,6,3,9,0
塹江 敦哉,広島,2021,投手,68,19,97,29
アルカンタラ,阪神,2021,投手,117,31,108,24
エドワーズ,阪神,2021,投手,17,5,8,1
ガンケル,阪神,2021,投手,207,46,227,53
スアレス,阪神,2021,投手,121,20,98,20
チェン・ウェイン,阪神,2021,投手,16,6,19,4
伊藤 将司,阪神,2021,投手,218,44,296,75
加治屋 蓮,阪神,2021,投手,13,3,14,4
岩崎 優,阪神,2021,投手,84,17,127,30
岩貞 祐太,阪神,2021,投手,84,24,68,18
岩田 稔,阪神,2021,投手,7,2,5,1
及川 雅貴,阪神,2021,投手,81,20,57,11
桑原 謙太朗,阪神,2021,投手,15,5,12,3
守屋 功輝,阪神,2021,投手,7,2,7,3
秋山 拓巳,阪神,2021,投手,271,62,228,59
小川 一平,阪神,2021,投手,28,8,45,7
小野 泰己,阪神,2021,投手,33,5,29,12
小林 慶祐,阪神,2021,投手,34,8,40,9
西 純矢,阪神,2021,投手,13,2,13,2
西 勇輝,阪神,2021,投手,308,84,241,59
青柳 晃洋,阪神,2021,投手,361,87,230,56
石井 大智,阪神,2021,投手,37,9,31,8
村上 頌樹,阪神,2021,投手,14,6,10,3
湯浅 京己,阪神,2021,投手,9,7,8,3
藤浪 晋太郎,阪神,2021,投手,109,28,82,19
二保 旭,阪神,2021,投手,59,17,47,12
馬場 皐輔,阪神,2021,投手,82,20,95,23
浜地 真澄,阪神,2021,投手,12,5,11,3
齋藤 友貴哉,阪神,2021,投手,41,10,47,13
髙橋 遥人,阪神,2021,投手,73,15,101,15
ギャレット,西武,2021,投手,119,29,96,28
ダーモディ,西武,2021,投手,55,21,82,25
ニール,西武,2021,投手,139,47,97,29
伊藤 翔,西武,2021,投手,36,14,34,8
井上 広輝,西武,2021,投手,12,4,8,5
吉川 光夫,西武,2021,投手,14,6,5,2
宮川 哲,西武,2021,投手,39,8,55,15
公文 克彦,西武,2021,投手,43,11,27,9
今井 達也,西武,2021,投手,308,76,251,47
佐々木 健,西武,2021,投手,21,8,15,5
佐野 泰雄,西武,2021,投手,44,17,29,5
十亀 剣,西武,2021,投手,69,26,74,15
小川 龍也,西武,2021,投手,5,1,3,1
松岡 洸希,西武,2021,投手,7,3,8,2
松本 航,西武,2021,投手,304,69,252,68
上間 永遠,西武,2021,投手,34,12,49,14
森脇 亮介,西武,2021,投手,73,19,81,23
水上 由伸,西武,2021,投手,45,11,45,8
増田 達至,西武,2021,投手,69,19,51,13
大曲 錬,西武,2021,投手,6,0,5,1
田村 伊知郎,西武,2021,投手,51,8,51,9
渡邉 勇太朗,西武,2021,投手,108,28,90,15
内海 哲也,西武,2021,投手,5,2,26,9
浜屋 将太,西武,2021,投手,69,18,72,21
武隈 祥太,西武,2021,投手,85,17,16,0
平井 克典,西武,2021,投手,172,53,120,32
平良 海馬,西武,2021,投手,115,18,90,18
本田 圭佑,西武,2021,投手,44,13,52,10
與座 海人,西武,2021,投手,58,16,82,15
髙橋 光成,西武,2021,投手,338,89,308,68
R.マルティネス,中日,2021,投手,89,16,75,10
ロサリオ,中日,2021,投手,14,4,17,4
ロドリゲス,中日,2021,投手,124,30,107,26
岡田 俊哉,中日,2021,投手,33,14,33,9
岡野 祐一郎,中日,2021,投手,18,8,16,5
笠原 祥太郎,中日,2021,投手,42,8,33,12
橋本 侑樹,中日,2021,投手,53,15,48,11
近藤 廉,中日,2021,投手,3,0,4,1
佐藤 優,中日,2021,投手,13,4,17,9
三ツ間 卓也,中日,2021,投手,19,7,8,3
山井 大介,中日,2021,投手,,,1,0
山本 拓実,中日,2021,投手,24,8,33,8
勝野 昌慶,中日,2021,投手,172,44,178,48
小笠原 慎之介,中日,2021,投手,203,51,348,90
松葉 貴大,中日,2021,投手,120,35,169,39
森 博人,中日,2021,投手,23,7,22,4
清水 達也,中日,2021,投手,7,1,7,4
祖父江 大輔,中日,2021,投手,93,31,101,28
大野 雄大,中日,2021,投手,211,64,319,57
谷元 圭介,中日,2021,投手,46,17,42,6
田島 慎二,中日,2021,投手,31,8,37,7
藤嶋 健人,中日,2021,投手,87,15,91,20
梅津 晃大,中日,2021,投手,13,2,24,4
福 敬登,中日,2021,投手,90,16,74,21
福谷 浩司,中日,2021,投手,210,60,196,52
又吉 克樹,中日,2021,投手,121,28,98,19
柳 裕也,中日,2021,投手,332,77,288,56
鈴木 博志,中日,2021,投手,38,10,43,12
バーヘイゲン,日本ハム,2021,投手,219,59,146,31
伊藤 大海,日本ハム,2021,投手,305,77,228,48
井口 和朋,日本ハム,2021,投手,64,9,71,15
加藤 貴之,日本ハム,2021,投手,266,65,293,71
河野 竜生,日本ハム,2021,投手,158,38,173,36
吉田 輝星,日本ハム,2021,投手,4,2,5,2
宮西 尚生,日本ハム,2021,投手,78,15,87,27
玉井 大翔,日本ハム,2021,投手,65,16,94,25
金子 弌大,日本ハム,2021,投手,66,25,56,17
斎藤 佑樹,日本ハム,2021,投手,,0,,
上原 健太,日本ハム,2021,投手,25,7,13,1
上沢 直之,日本ハム,2021,投手,341,71,232,48
杉浦 稔大,日本ハム,2021,投手,105,17,87,17
生田目 翼,日本ハム,2021,投手,8,1,9,0
西村 天裕,日本ハム,2021,投手,66,16,53,17
村田 透,日本ハム,2021,投手,21,10,23,8
谷川 昌希,日本ハム,2021,投手,22,5,16,4
池田 隆英,日本ハム,2021,投手,172,50,147,38
望月 大希,日本ハム,2021,投手,9,0,4,2
北浦 竜次,日本ハム,2021,投手,11,2,10,3
堀 瑞輝,日本ハム,2021,投手,97,16,90,20
立野 和明,日本ハム,2021,投手,106,22,88,17
エスコバー,DeNA,2022,投手,115,29,108,19
ガゼルマン,DeNA,2022,投手,30,7,40,8
クリスキー,DeNA,2022,投手,43,8,31,7
ピープルズ,DeNA,2022,投手,8,3,9,6
ロメロ,DeNA,2022,投手,199,52,158,48
伊勢 大夢,DeNA,2022,投手,109,24,129,28
宮國 椋丞,DeNA,2022,投手,48,19,45,16
京山 将弥,DeNA,2022,投手,115,28,100,28
今永 昇太,DeNA,2022,投手,228,52,291,54
砂田 毅樹,DeNA,2022,投手,31,13,21,4
坂本 裕哉,DeNA,2022,投手,80,17,102,35
阪口 皓亮,DeNA,2022,投手,10,3,3,1
三浦 銀二,DeNA,2022,投手,24,9,16,7
三上 朋也,DeNA,2022,投手,47,17,48,11
三嶋 一輝,DeNA,2022,投手,18,4,23,4
山﨑 康晃,DeNA,2022,投手,112,18,76,11
上茶谷 大河,DeNA,2022,投手,121,37,130,28
森原 康平,DeNA,2022,投手,16,4,18,5
石川 達也,DeNA,2022,投手,9,2,11,2
石田 健大,DeNA,2022,投手,144,29,163,38
大貫 晋一,DeNA,2022,投手,264,71,237,55
池谷 蒼大,DeNA,2022,投手,9,0,10,3
中川 虎大,DeNA,2022,投手,19,5,18,3
田中 健二朗,DeNA,2022,投手,81,17,53,14
東 克樹,DeNA,2022,投手,91,34,117,33
入江 大生,DeNA,2022,投手,111,26,118,23
平田 真吾,DeNA,2022,投手,80,24,86,23
有吉 優樹,DeNA,2022,投手,9,2,6,2
濵口 遥大,DeNA,2022,投手,201,50,220,54
K-鈴木,オリックス,2022,投手,28,7,18,5
バルガス,オリックス,2022,投手,38,12,17,6
ビドル,オリックス,2022,投手,83,22,72,14
ワゲスパック,オリックス,2022,投手,155,33,114,30
阿部 翔太,オリックス,2022,投手,88,13,62,9
宇田川 優希,オリックス,2022,投手,41,7,32,3
吉田 凌,オリックス,2022,投手,8,4,5,1
宮城 大弥,オリックス,2022,投手,255,56,309,81
近藤 大亮,オリックス,2022,投手,62,17,44,8
黒木 優太,オリックス,2022,投手,50,9,46,11
山岡 泰輔,オリックス,2022,投手,265,63,212,55
山田 修義,オリックス,2022,投手,30,9,9,2
山本 由伸,オリックス,2022,投手,422,91,271,46
山﨑 福也,オリックス,2022,投手,210,60,223,52
山﨑 颯一郎,オリックス,2022,投手,80,17,50,13
小木田 敦也,オリックス,2022,投手,35,8,22,8
増井 浩俊,オリックス,2022,投手,23,11,13,2
村西 良太,オリックス,2022,投手,41,11,47,12
竹安 大知,オリックス,2022,投手,50,13,46,14
中村 勝,オリックス,2022,投手,13,7,15,5
張 奕,オリックス,2022,投手,48,12,36,11
田嶋 大樹,オリックス,2022,投手,236,52,229,63
東 晃平,オリックス,2022,投手,28,8,26,9
能見 篤史,オリックス,2022,投手,8,1,4,1
比嘉 幹貴,オリックス,2022,投手,22,6,58,14
富山 凌雅,オリックス,2022,投手,12,2,20,8
平野 佳寿,オリックス,2022,投手,97,19,57,6
本田 仁海,オリックス,2022,投手,92,27,64,12
椋木 蓮,オリックス,2022,投手,29,5,31,3
齋藤 綱記,オリックス,2022,投手,14,5,8,2
モイネロ,ソフトバンク,2022,投手,82,9,97,13
レイ,ソフトバンク,2022,投手,200,44,167,38
嘉弥真 新也,ソフトバンク,2022,投手,81,15,13,3
笠谷 俊介,ソフトバンク,2022,投手,33,10,33,9
甲斐野 央,ソフトバンク,2022,投手,43,10,45,9
高橋 礼,ソフトバンク,2022,投手,5,3,9,2
秋吉 亮,ソフトバンク,2022,投手,6,3,4,1
松本 裕樹,ソフトバンク,2022,投手,92,19,94,21
森 唯斗,ソフトバンク,2022,投手,79,22,46,8
杉山 一樹,ソフトバンク,2022,投手,72,24,90,21
石川 柊太,ソフトバンク,2022,投手,273,59,236,63
千賀 滉大,ソフトバンク,2022,投手,299,69,197,34
大関 友久,ソフトバンク,2022,投手,177,50,198,38
大竹 耕太郎,ソフトバンク,2022,投手,18,4,13,6
津森 宥紀,ソフトバンク,2022,投手,77,18,86,18
椎野 新,ソフトバンク,2022,投手,50,14,40,11
田浦 文丸,ソフトバンク,2022,投手,11,3,10,4
田上 奏大,ソフトバンク,2022,投手,10,2,13,2
田中 正義,ソフトバンク,2022,投手,12,2,4,0
東浜 巨,ソフトバンク,2022,投手,258,68,230,46
藤井 皓哉,ソフトバンク,2022,投手,98,9,86,9
尾形 崇斗,ソフトバンク,2022,投手,23,6,24,8
武田 翔太,ソフトバンク,2022,投手,52,12,52,13
又吉 克樹,ソフトバンク,2022,投手,56,18,52,9
和田 毅,ソフトバンク,2022,投手,147,37,145,27
コール,ヤクルト,2022,投手,62,14,61,11
サイスニード,ヤクルト,2022,投手,248,69,260,71
スアレス,ヤクルト,2022,投手,47,13,44,14
マクガフ,ヤクルト,2022,投手,105,19,93,20
奥川 恭伸,ヤクルト,2022,投手,8,0,6,2
吉田 大喜,ヤクルト,2022,投手,13,6,26,8
久保 拓眞,ヤクルト,2022,投手,57,8,33,11
宮台 康平,ヤクルト,2022,投手,3,1,8,3
金久保 優斗,ヤクルト,2022,投手,24,8,17,5
原 樹理,ヤクルト,2022,投手,202,71,228,61
高橋 奎二,ヤクルト,2022,投手,163,34,204,41
高梨 裕稔,ヤクルト,2022,投手,201,53,186,50
今野 龍太,ヤクルト,2022,投手,91,29,86,16
山下 輝,ヤクルト,2022,投手,23,10,24,4
山本 大貴,ヤクルト,2022,投手,14,7,12,3
市川 悠太,ヤクルト,2022,投手,30,9,19,8
柴田 大地,ヤクルト,2022,投手,4,3,5,2
小川 泰弘,ヤクルト,2022,投手,304,78,267,67
小澤 怜史,ヤクルト,2022,投手,91,25,80,23
杉山 晃基,ヤクルト,2022,投手,1,1,3,1
星 知弥,ヤクルト,2022,投手,24,8,25,6
清水 昇,ヤクルト,2022,投手,76,12,77,11
石山 泰稚,ヤクルト,2022,投手,64,14,67,13
石川 雅規,ヤクルト,2022,投手,142,41,186,52
大下 佑馬,ヤクルト,2022,投手,32,9,27,7
大西 広樹,ヤクルト,2022,投手,114,42,125,32
竹山 日向,ヤクルト,2022,投手,3,0,,
田口 麗斗,ヤクルト,2022,投手,77,16,50,14
梅野 雄吾,ヤクルト,2022,投手,78,20,70,17
木澤 尚文,ヤクルト,2022,投手,115,32,139,25
オスナ,ロッテ,2022,投手,63,10,39,5
ゲレーロ,ロッテ,2022,投手,94,20,73,14
ロメロ,ロッテ,2022,投手,204,59,225,48
益田 直也,ロッテ,2022,投手,110,25,85,21
横山 陸人,ロッテ,2022,投手,3,1,1,1
河村 説人,ロッテ,2022,投手,47,14,22,4
岩下 大輝,ロッテ,2022,投手,34,6,18,0
国吉 佑樹,ロッテ,2022,投手,12,3,6,2
佐々木 千隼,ロッテ,2022,投手,55,19,50,16
佐々木 朗希,ロッテ,2022,投手,285,52,168,28
佐藤 奨真,ロッテ,2022,投手,87,23,105,25
坂本 光士郎,ロッテ,2022,投手,40,10,40,14
種市 篤暉,ロッテ,2022,投手,9,5,3,0
小沼 健太,ロッテ,2022,投手,57,19,43,11
小島 和哉,ロッテ,2022,投手,279,78,259,62
小野 郁,ロッテ,2022,投手,76,18,75,18
森 遼大朗,ロッテ,2022,投手,14,4,19,7
西野 勇士,ロッテ,2022,投手,80,17,52,11
石川 歩,ロッテ,2022,投手,243,72,217,56
中村 稔弥,ロッテ,2022,投手,32,9,21,8
田中 靖洋,ロッテ,2022,投手,38,16,24,9
土肥 星也,ロッテ,2022,投手,1,0,4,2
唐川 侑己,ロッテ,2022,投手,38,11,21,3
東妻 勇輔,ロッテ,2022,投手,10,3,8,6
東條 大樹,ロッテ,2022,投手,108,23,102,28
二木 康太,ロッテ,2022,投手,91,22,95,26
八木 彬,ロッテ,2022,投手,45,18,41,7
美馬 学,ロッテ,2022,投手,244,62,191,45
本前 郁也,ロッテ,2022,投手,114,36,105,25
鈴木 昭汰,ロッテ,2022,投手,39,15,16,7
廣畑 敦也,ロッテ,2022,投手,85,31,65,17
ブセニッツ,楽天,2022,投手,54,12,56,10
安樂 智大,楽天,2022,投手,97,26,93,25
釜田 佳直,楽天,2022,投手,12,6,12,4
岸 孝之,楽天,2022,投手,254,46,263,70
吉川 雄大,楽天,2022,投手,7,3,12,0
宮森 智志,楽天,2022,投手,37,6,37,6
弓削 隼人,楽天,2022,投手,19,4,33,10
高田 孝一,楽天,2022,投手,16,6,9,2
酒居 知史,楽天,2022,投手,56,12,61,11
小峯 新陸,楽天,2022,投手,12,7,13,2
松井 友飛,楽天,2022,投手,9,3,8,3
松井 裕樹,楽天,2022,投手,59,11,113,10
辛島 航,楽天,2022,投手,131,33,203,53
西垣 雅矢,楽天,2022,投手,41,11,42,9
西口 直人,楽天,2022,投手,94,16,103,23
石橋 良太,楽天,2022,投手,54,15,72,20
宋 家豪,楽天,2022,投手,94,19,95,26
早川 隆久,楽天,2022,投手,169,42,242,63
則本 昂大,楽天,2022,投手,220,60,259,67
瀧中 瞭太,楽天,2022,投手,168,46,139,48
津留﨑 大成,楽天,2022,投手,22,9,24,7
田中 将大,楽天,2022,投手,322,83,299,77
渡邊 佑樹,楽天,2022,投手,26,4,16,3
藤井 聖,楽天,2022,投手,29,8,42,8
藤平 尚真,楽天,2022,投手,34,6,45,9
内間 拓馬,楽天,2022,投手,1,0,3,1
福井 優也,楽天,2022,投手,18,6,25,8
福山 博之,楽天,2022,投手,5,1,6,2
涌井 秀章,楽天,2022,投手,124,37,84,13
鈴木 翔天,楽天,2022,投手,65,13,61,12
髙田 萌生,楽天,2022,投手,10,2,8,3
アンドリース,巨人,2022,投手,37,8,43,20
クロール,巨人,2022,投手,35,12,42,5
シューメーカー,巨人,2022,投手,191,53,167,39
デラロサ,巨人,2022,投手,43,9,49,9
ビエイラ,巨人,2022,投手,18,3,12,6
メルセデス,巨人,2022,投手,184,48,227,59
井上 温大,巨人,2022,投手,37,14,60,14
井納 翔一,巨人,2022,投手,12,2,8,3
横川 凱,巨人,2022,投手,5,3,10,4
菊地 大稀,巨人,2022,投手,35,5,30,11
鍬原 拓也,巨人,2022,投手,76,22,99,28
鍵谷 陽平,巨人,2022,投手,27,9,41,12
戸郷 翔征,巨人,2022,投手,351,80,274,66
戸根 千明,巨人,2022,投手,27,6,27,10
戸田 懐生,巨人,2022,投手,52,16,44,17
高木 京介,巨人,2022,投手,31,10,39,9
高梨 雄平,巨人,2022,投手,96,16,69,16
今村 信貴,巨人,2022,投手,104,28,91,17
桜井 俊貴,巨人,2022,投手,15,5,21,8
山口 俊,巨人,2022,投手,5,0,1,0
山本 一輝,巨人,2022,投手,6,2,3,0
山﨑 伊織,巨人,2022,投手,194,54,177,41
菅野 智之,巨人,2022,投手,275,73,273,65
赤星 優志,巨人,2022,投手,161,48,143,33
大江 竜聖,巨人,2022,投手,10,0,11,5
大勢,巨人,2022,投手,111,20,90,18
直江 大輔,巨人,2022,投手,34,7,33,5
畠 世周,巨人,2022,投手,49,9,53,13
平内 龍太,巨人,2022,投手,84,28,108,25
堀田 賢慎,巨人,2022,投手,54,13,76,25
髙橋 優貴,巨人,2022,投手,55,21,51,13
アンダーソン,広島,2022,投手,148,41,110,20
ケムナ 誠,広島,2022,投手,73,19,70,18
コルニエル,広島,2022,投手,31,7,28,8
ターリー,広島,2022,投手,76,12,55,14
フランスア,広島,2022,投手,5,1,6,1
一岡 竜司,広島,2022,投手,21,6,19,9
遠藤 淳志,広島,2022,投手,230,64,176,40
菊池 保則,広島,2022,投手,15,4,18,6
玉村 昇悟,広島,2022,投手,55,13,118,33
九里 亜蓮,広島,2022,投手,275,77,261,69
栗林 良吏,広島,2022,投手,101,11,64,11
黒原 拓未,広島,2022,投手,20,6,19,5
小林 樹斗,広島,2022,投手,1,2,2,0
床田 寛樹,広島,2022,投手,173,38,231,49
松本 竜也,広島,2022,投手,97,23,120,35
森 翔平,広島,2022,投手,37,10,37,12
森浦 大輔,広島,2022,投手,77,23,95,24
森下 暢仁,広島,2022,投手,366,108,329,87
大瀬良 大地,広島,2022,投手,281,76,265,80
大道 温貴,広島,2022,投手,25,7,23,9
中﨑 翔太,広島,2022,投手,53,16,39,11
島内 颯太郎,広島,2022,投手,33,10,43,11
藤井 黎來,広島,2022,投手,29,6,20,4
野村 祐輔,広島,2022,投手,88,23,83,32
矢崎 拓也,広島,2022,投手,88,15,89,20
薮田 和樹,広島,2022,投手,55,16,31,3
塹江 敦哉,広島,2022,投手,38,5,21,8
アルカンタラ,阪神,2022,投手,62,17,81,21
ウィルカーソン,阪神,2022,投手,135,33,128,37
ガンケル,阪神,2022,投手,165,37,178,43
ケラー,阪神,2022,投手,54,13,65,12
伊藤 将司,阪神,2022,投手,211,54,293,65
加治屋 蓮,阪神,2022,投手,32,10,80,16
岩崎 優,阪神,2022,投手,95,28,124,35
岩貞 祐太,阪神,2022,投手,90,20,66,14
及川 雅貴,阪神,2022,投手,,,4,1
桐敷 拓馬,阪神,2022,投手,25,8,35,12
才木 浩人,阪神,2022,投手,86,18,87,22
秋山 拓巳,阪神,2022,投手,36,10,55,19
小川 一平,阪神,2022,投手,37,7,48,9
小野 泰己,阪神,2022,投手,9,3,13,4
小林 慶祐,阪神,2022,投手,23,7,18,5
森木 大智,阪神,2022,投手,17,4,16,5
西 純矢,阪神,2022,投手,143,30,142,37
西 勇輝,阪神,2022,投手,273,63,292,69
青柳 晃洋,阪神,2022,投手,395,95,190,31
石井 大智,阪神,2022,投手,50,7,32,4
渡邉 雄大,阪神,2022,投手,41,8,23,8
島本 浩也,阪神,2022,投手,35,8,17,4
湯浅 京己,阪神,2022,投手,99,21,106,17
藤浪 晋太郎,阪神,2022,投手,125,37,117,21
馬場 皐輔,阪神,2022,投手,17,4,15,8
尾仲 祐哉,阪神,2022,投手,2,1,8,3
浜地 真澄,阪神,2022,投手,71,16,98,22
齋藤 友貴哉,阪神,2022,投手,39,11,54,12
エンス,西武,2022,投手,190,55,254,48
スミス,西武,2022,投手,80,21,59,9
ボー・タカハシ,西武,2022,投手,51,7,51,12
宮川 哲,西武,2022,投手,86,21,94,25
隅田 知一郎,西武,2022,投手,138,37,178,53
公文 克彦,西武,2022,投手,23,4,6,1
今井 達也,西武,2022,投手,103,20,100,17
佐々木 健,西武,2022,投手,75,18,34,11
佐藤 隼輔,西武,2022,投手,90,27,89,20
佐野 泰雄,西武,2022,投手,4,0,2,0
十亀 剣,西武,2022,投手,34,7,23,8
松本 航,西武,2022,投手,277,66,199,40
森脇 亮介,西武,2022,投手,70,18,62,12
水上 由伸,西武,2022,投手,101,21,84,13
増田 達至,西武,2022,投手,105,27,79,10
大曲 錬,西武,2022,投手,12,3,7,2
田村 伊知郎,西武,2022,投手,8,2,4,1
渡邉 勇太朗,西武,2022,投手,33,11,19,4
内海 哲也,西武,2022,投手,18,6,29,6
平井 克典,西武,2022,投手,172,41,132,36
平良 海馬,西武,2022,投手,130,20,72,16
本田 圭佑,西武,2022,投手,104,26,73,11
與座 海人,西武,2022,投手,284,73,153,31
髙橋 光成,西武,2022,投手,368,91,267,62
R.マルティネス,中日,2022,投手,104,13,87,17
タバーレス,中日,2022,投手,7,3,4,1
マルク,中日,2022,投手,6,2,6,3
ロドリゲス,中日,2022,投手,111,20,83,12
岡田 俊哉,中日,2022,投手,5,2,19,7
岡野 祐一郎,中日,2022,投手,25,12,28,8
笠原 祥太郎,中日,2022,投手,17,3,46,15
岩嵜 翔,中日,2022,投手,,0,,
橋本 侑樹,中日,2022,投手,13,7,16,5
根尾 昂,中日,2022,投手,48,9,56,14
佐藤 優,中日,2022,投手,12,4,6,3
山本 拓実,中日,2022,投手,55,9,56,15
勝野 昌慶,中日,2022,投手,91,24,74,22
小笠原 慎之介,中日,2022,投手,191,49,342,78
松葉 貴大,中日,2022,投手,158,41,217,55
上田 洸太朗,中日,2022,投手,53,10,92,24
森 博人,中日,2022,投手,56,15,57,14
清水 達也,中日,2022,投手,84,13,88,15
祖父江 大輔,中日,2022,投手,79,25,82,17
大野 雄大,中日,2022,投手,262,72,306,54
谷元 圭介,中日,2022,投手,62,20,56,10
田島 慎二,中日,2022,投手,39,9,46,13
藤嶋 健人,中日,2022,投手,87,16,97,23
福 敬登,中日,2022,投手,61,12,41,13
福谷 浩司,中日,2022,投手,64,22,43,20
柳 裕也,中日,2022,投手,322,82,269,72
鈴木 博志,中日,2022,投手,24,6,23,5
髙橋 宏斗,中日,2022,投手,203,41,207,38
ポンセ,日本ハム,2022,投手,179,39,134,30
メネズ,日本ハム,2022,投手,35,6,47,8
ロドリゲス,日本ハム,2022,投手,26,8,35,6
伊藤 大海,日本ハム,2022,投手,327,84,258,56
井口 和朋,日本ハム,2022,投手,56,22,47,12
加藤 貴之,日本ハム,2022,投手,267,60,282,64
河野 竜生,日本ハム,2022,投手,67,17,66,19
柿木 蓮,日本ハム,2022,投手,7,0,6,2
吉田 輝星,日本ハム,2022,投手,129,28,97,25
宮西 尚生,日本ハム,2022,投手,50,14,27,6
玉井 大翔,日本ハム,2022,投手,71,20,70,17
金子 千尋,日本ハム,2022,投手,33,8,20,7
古川 侑利,日本ハム,2022,投手,68,17,65,20
根本 悠楓,日本ハム,2022,投手,114,26,108,26
松浦 慶斗,日本ハム,2022,投手,3,2,1,0
上原 健太,日本ハム,2022,投手,129,40,139,33
上沢 直之,日本ハム,2022,投手,308,74,253,55
杉浦 稔大,日本ハム,2022,投手,99,30,69,15
生田目 翼,日本ハム,2022,投手,14,3,20,4
西村 天裕,日本ハム,2022,投手,43,9,38,13
石川 直也,日本ハム,2022,投手,62,13,55,13
達 孝太,日本ハム,2022,投手,7,1,2,0
谷川 昌希,日本ハム,2022,投手,19,6,19,4
池田 隆英,日本ハム,2022,投手,37,11,26,4
長谷川 威展,日本ハム,2022,投手,4,1,4,1
田中 瑛斗,日本ハム,2022,投手,45,15,27,7
畔柳 亨丞,日本ハム,2022,投手,4,1,,
福田 俊,日本ハム,2022,投手,28,6,10,1
望月 大希,日本ハム,2022,投手,26,11,14,4
北浦 竜次,日本ハム,2022,投手,16,5,16,5
北山 亘基,日本ハム,2022,投手,96,18,87,19
堀 瑞輝,日本ハム,2022,投手,59,15,80,26
立野 和明,日本ハム,2022,投手,33,11,12,5
鈴木 健矢,日本ハム,2022,投手,61,18,79,15
ウェンデルケン,DeNA,2023,投手,105,22,102,18
エスコバー,DeNA,2023,投手,63,14,51,14
ガゼルマン,DeNA,2023,投手,125,38,122,34
バウアー,DeNA,2023,投手,282,66,208,53
伊勢 大夢,DeNA,2023,投手,93,24,99,30
笠原 祥太郎,DeNA,2023,投手,9,5,17,5
宮城 滝太,DeNA,2023,投手,26,6,35,8
宮國 椋丞,DeNA,2023,投手,12,4,8,3
今永 昇太,DeNA,2023,投手,237,58,317,74
坂本 裕哉,DeNA,2023,投手,39,10,54,17
三浦 銀二,DeNA,2023,投手,3,2,4,2
三嶋 一輝,DeNA,2023,投手,41,16,54,17
山﨑 康晃,DeNA,2023,投手,104,28,75,20
上茶谷 大河,DeNA,2023,投手,100,25,131,28
森原 康平,DeNA,2023,投手,78,22,75,12
石川 達也,DeNA,2023,投手,53,12,56,7
石田 健大,DeNA,2023,投手,198,54,250,73
大貫 晋一,DeNA,2023,投手,136,29,138,28
中川 虎大,DeNA,2023,投手,15,4,23,5
田中 健二朗,DeNA,2023,投手,21,8,21,4
東 克樹,DeNA,2023,投手,287,67,356,82
入江 大生,DeNA,2023,投手,59,17,52,12
平良 拳太郎,DeNA,2023,投手,120,24,108,34
濵口 遥大,DeNA,2023,投手,105,32,158,39
コットン,オリックス,2023,投手,42,11,36,13
ニックス,オリックス,2023,投手,7,1,17,6
ワゲスパック,オリックス,2023,投手,98,23,74,21
阿部 翔太,オリックス,2023,投手,90,16,82,21
宇田川 優希,オリックス,2023,投手,84,15,73,7
横山 楓,オリックス,2023,投手,8,3,6,1
吉田 凌,オリックス,2023,投手,27,6,38,10
宮城 大弥,オリックス,2023,投手,218,45,310,62
近藤 大亮,オリックス,2023,投手,27,7,19,5
黒木 優太,オリックス,2023,投手,60,16,42,17
山岡 泰輔,オリックス,2023,投手,164,34,181,41
山下 舜平大,オリックス,2023,投手,180,37,165,34
山田 修義,オリックス,2023,投手,73,15,36,8
山本 由伸,オリックス,2023,投手,337,62,254,55
山﨑 福也,オリックス,2023,投手,188,38,307,89
山﨑 颯一郎,オリックス,2023,投手,96,22,89,20
漆原 大晟,オリックス,2023,投手,49,12,31,11
小木田 敦也,オリックス,2023,投手,80,18,94,19
小野 泰己,オリックス,2023,投手,16,4,7,2
前 佑囲斗,オリックス,2023,投手,2,0,5,1
曽谷 龍平,オリックス,2023,投手,60,20,58,13
村西 良太,オリックス,2023,投手,25,6,21,5
竹安 大知,オリックス,2023,投手,14,8,8,4
田嶋 大樹,オリックス,2023,投手,153,38,156,35
東 晃平,オリックス,2023,投手,105,29,88,16
比嘉 幹貴,オリックス,2023,投手,18,1,60,20
平野 佳寿,オリックス,2023,投手,85,21,61,15
本田 仁海,オリックス,2023,投手,70,20,59,16
齋藤 響介,オリックス,2023,投手,5,0,8,2
オスナ,ソフトバンク,2023,投手,85,19,77,9
ガンケル,ソフトバンク,2023,投手,28,6,41,15
スチュワート・ジュニア,ソフトバンク,2023,投手,144,36,145,34
ヘルナンデス,ソフトバンク,2023,投手,1,2,3,1
モイネロ,ソフトバンク,2023,投手,36,4,54,7
嘉弥真 新也,ソフトバンク,2023,投手,31,10,13,6
笠谷 俊介,ソフトバンク,2023,投手,16,3,20,5
古川 侑利,ソフトバンク,2023,投手,22,6,18,6
甲斐野 央,ソフトバンク,2023,投手,77,15,74,18
高橋 礼,ソフトバンク,2023,投手,25,11,29,12
松本 晴,ソフトバンク,2023,投手,12,6,15,2
松本 裕樹,ソフトバンク,2023,投手,75,20,92,12
森 唯斗,ソフトバンク,2023,投手,60,9,52,19
石川 柊太,ソフトバンク,2023,投手,224,52,245,56
泉 圭輔,ソフトバンク,2023,投手,7,2,5,2
大関 友久,ソフトバンク,2023,投手,148,37,222,49
大津 亮介,ソフトバンク,2023,投手,61,15,85,19
津森 宥紀,ソフトバンク,2023,投手,60,16,111,21
椎野 新,ソフトバンク,2023,投手,28,10,33,7
田浦 文丸,ソフトバンク,2023,投手,69,15,58,16
東浜 巨,ソフトバンク,2023,投手,147,47,247,67
藤井 皓哉,ソフトバンク,2023,投手,111,21,129,25
板東 湧梧,ソフトバンク,2023,投手,140,31,168,42
尾形 崇斗,ソフトバンク,2023,投手,37,9,30,9
武田 翔太,ソフトバンク,2023,投手,87,22,85,23
又吉 克樹,ソフトバンク,2023,投手,38,7,60,14
有原 航平,ソフトバンク,2023,投手,201,46,249,59
和田 毅,ソフトバンク,2023,投手,170,43,197,46
エスピナル,ヤクルト,2023,投手,8,0,7,1
サイスニード,ヤクルト,2023,投手,283,72,233,61
ピーターズ,ヤクルト,2023,投手,164,41,222,58
ロドリゲス,ヤクルト,2023,投手,65,16,62,17
丸山 翔大,ヤクルト,2023,投手,52,11,47,9
吉村 貢司郎,ヤクルト,2023,投手,126,39,110,27
久保 拓眞,ヤクルト,2023,投手,9,4,8,4
金久保 優斗,ヤクルト,2023,投手,8,0,2,0
高橋 奎二,ヤクルト,2023,投手,184,42,203,62
高梨 裕稔,ヤクルト,2023,投手,82,25,74,17
今野 龍太,ヤクルト,2023,投手,77,20,41,11
阪口 皓亮,ヤクルト,2023,投手,31,11,35,8
山本 大貴,ヤクルト,2023,投手,88,21,39,11
山野 太一,ヤクルト,2023,投手,42,12,52,13
市川 悠太,ヤクルト,2023,投手,31,9,24,5
小川 泰弘,ヤクルト,2023,投手,258,66,275,58
小澤 怜史,ヤクルト,2023,投手,211,46,157,37
成田 翔,ヤクルト,2023,投手,7,3,7,1
星 知弥,ヤクルト,2023,投手,75,17,64,17
清水 昇,ヤクルト,2023,投手,126,27,80,23
石山 泰稚,ヤクルト,2023,投手,89,27,96,24
石川 雅規,ヤクルト,2023,投手,100,24,157,51
大西 広樹,ヤクルト,2023,投手,99,28,106,25
長谷川 宙輝,ヤクルト,2023,投手,5,1,4,2
田口 麗斗,ヤクルト,2023,投手,64,17,110,22
梅野 雄吾,ヤクルト,2023,投手,18,8,12,1
尾仲 祐哉,ヤクルト,2023,投手,33,9,26,12
木澤 尚文,ヤクルト,2023,投手,93,25,95,17
カスティーヨ,ロッテ,2023,投手,95,24,96,28
ペルドモ,ロッテ,2023,投手,100,30,89,19
メルセデス,ロッテ,2023,投手,158,37,272,74
益田 直也,ロッテ,2023,投手,121,30,84,19
横山 陸人,ロッテ,2023,投手,76,17,74,24
岩下 大輝,ロッテ,2023,投手,58,12,55,13
菊地 吏玖,ロッテ,2023,投手,11,3,7,4
高野 脩汰,ロッテ,2023,投手,17,4,23,5
国吉 佑樹,ロッテ,2023,投手,5,0,5,1
佐々木 千隼,ロッテ,2023,投手,10,4,4,2
佐々木 朗希,ロッテ,2023,投手,184,25,134,26
坂本 光士郎,ロッテ,2023,投手,98,19,82,27
種市 篤暉,ロッテ,2023,投手,284,74,227,50
小島 和哉,ロッテ,2023,投手,253,65,333,78
小野 郁,ロッテ,2023,投手,16,2,20,7
森 遼大朗,ロッテ,2023,投手,68,20,71,21
西村 天裕,ロッテ,2023,投手,82,16,72,12
西野 勇士,ロッテ,2023,投手,211,54,216,55
中森 俊介,ロッテ,2023,投手,42,9,30,8
中村 稔弥,ロッテ,2023,投手,44,9,43,13
唐川 侑己,ロッテ,2023,投手,18,7,17,8
東妻 勇輔,ロッテ,2023,投手,64,18,58,11
東條 大樹,ロッテ,2023,投手,16,8,21,4
八木 彬,ロッテ,2023,投手,7,5,10,4
美馬 学,ロッテ,2023,投手,178,46,208,60
本前 郁也,ロッテ,2023,投手,10,1,8,3
鈴木 昭汰,ロッテ,2023,投手,32,7,27,5
廣畑 敦也,ロッテ,2023,投手,26,11,15,3
澤村 拓一,ロッテ,2023,投手,65,19,57,14
澤田 圭佑,ロッテ,2023,投手,23,4,33,7
バニュエロス,楽天,2023,投手,1,2,1,2
安樂 智大,楽天,2023,投手,87,23,91,25
伊藤 茉央,楽天,2023,投手,32,9,43,9
塩見 貴洋,楽天,2023,投手,4,1,12,3
岸 孝之,楽天,2023,投手,261,63,213,60
宮森 智志,楽天,2023,投手,38,13,50,17
弓削 隼人,楽天,2023,投手,16,5,21,7
高田 孝一,楽天,2023,投手,19,6,22,8
酒居 知史,楽天,2023,投手,71,20,82,16
小孫 竜二,楽天,2023,投手,7,2,8,2
松井 友飛,楽天,2023,投手,30,6,39,9
松井 裕樹,楽天,2023,投手,77,16,124,22
辛島 航,楽天,2023,投手,88,25,116,32
西垣 雅矢,楽天,2023,投手,,0,1,1
西口 直人,楽天,2023,投手,53,17,46,15
石橋 良太,楽天,2023,投手,9,4,7,4
宋 家豪,楽天,2023,投手,78,20,95,21
早川 隆久,楽天,2023,投手,154,45,224,57
荘司 康誠,楽天,2023,投手,199,46,200,44
則本 昂大,楽天,2023,投手,281,66,286,68
瀧中 瞭太,楽天,2023,投手,76,20,90,25
津留﨑 大成,楽天,2023,投手,17,4,20,7
田中 将大,楽天,2023,投手,274,74,265,82
渡辺 翔太,楽天,2023,投手,80,17,91,13
藤井 聖,楽天,2023,投手,66,10,60,18
藤平 尚真,楽天,2023,投手,91,25,110,25
内 星龍,楽天,2023,投手,92,17,107,21
鈴木 翔天,楽天,2023,投手,102,22,55,15
グリフィン,巨人,2023,投手,193,38,251,63
バルドナード,巨人,2023,投手,42,10,32,5
ビーディ,巨人,2023,投手,90,27,99,24
メンデス,巨人,2023,投手,127,21,172,36
ロペス,巨人,2023,投手,12,3,12,3
井上 温大,巨人,2023,投手,24,6,30,15
横川 凱,巨人,2023,投手,132,34,180,45
菊地 大稀,巨人,2023,投手,65,13,106,27
鍬原 拓也,巨人,2023,投手,8,3,11,4
鍵谷 陽平,巨人,2023,投手,18,3,23,7
戸郷 翔征,巨人,2023,投手,313,84,314,57
高木 京介,巨人,2023,投手,1,0,5,1
高梨 雄平,巨人,2023,投手,100,22,56,10
今村 信貴,巨人,2023,投手,58,19,42,10
三上 朋也,巨人,2023,投手,14,5,46,13
山﨑 伊織,巨人,2023,投手,271,64,268,55
小沼 健太,巨人,2023,投手,14,5,15,4
松井 颯,巨人,2023,投手,33,6,44,12
菅野 智之,巨人,2023,投手,147,29,144,41
赤星 優志,巨人,2023,投手,117,26,142,44
船迫 大雅,巨人,2023,投手,43,9,61,12
代木 大和,巨人,2023,投手,35,14,32,9
大江 竜聖,巨人,2023,投手,60,10,14,5
大勢,巨人,2023,投手,66,16,35,10
中川 皓太,巨人,2023,投手,83,18,77,19
直江 大輔,巨人,2023,投手,23,5,24,2
田中 千晴,巨人,2023,投手,58,12,66,18
田中 豊樹,巨人,2023,投手,12,4,26,4
平内 龍太,巨人,2023,投手,24,7,28,7
堀岡 隼人,巨人,2023,投手,8,2,8,4
堀田 賢慎,巨人,2023,投手,8,1,4,1
鈴木 康平,巨人,2023,投手,41,11,63,13
髙橋 優貴,巨人,2023,投手,24,6,31,12
アドゥワ 誠,広島,2023,投手,31,6,33,9
アンダーソン,広島,2023,投手,80,16,76,14
ケムナ 誠,広島,2023,投手,44,9,53,15
コルニエル,広島,2023,投手,71,23,94,23
ターリー,広島,2023,投手,69,20,79,19
一岡 竜司,広島,2023,投手,1,0,,
益田 武尚,広島,2023,投手,22,5,17,3
遠藤 淳志,広島,2023,投手,75,20,75,16
河野 佳,広島,2023,投手,20,6,34,13
玉村 昇悟,広島,2023,投手,69,19,115,33
九里 亜蓮,広島,2023,投手,316,74,299,68
栗林 良吏,広島,2023,投手,92,20,92,22
戸根 千明,広島,2023,投手,41,13,43,9
黒原 拓未,広島,2023,投手,23,10,33,11
床田 寛樹,広島,2023,投手,225,52,364,92
松本 竜也,広島,2023,投手,21,7,21,6
森 翔平,広島,2023,投手,80,22,126,36
森浦 大輔,広島,2023,投手,21,6,18,5
森下 暢仁,広島,2023,投手,282,70,216,57
大瀬良 大地,広島,2023,投手,245,62,244,55
大道 温貴,広島,2023,投手,84,20,101,24
中村 祐太,広島,2023,投手,17,4,12,5
中﨑 翔太,広島,2023,投手,63,14,56,11
島内 颯太郎,広島,2023,投手,113,29,99,21
野村 祐輔,広島,2023,投手,78,21,44,9
矢崎 拓也,広島,2023,投手,110,26,78,22
薮田 和樹,広島,2023,投手,5,2,12,3
塹江 敦哉,広島,2023,投手,16,6,14,4
ケラー,阪神,2023,投手,41,6,58,16
ビーズリー,阪神,2023,投手,87,18,65,17
ブルワー,阪神,2023,投手,20,3,24,3
伊藤 将司,阪神,2023,投手,199,44,333,76
岡留 英貴,阪神,2023,投手,13,3,10,2
加治屋 蓮,阪神,2023,投手,54,16,91,18
岩崎 優,阪神,2023,投手,75,12,121,20
岩貞 祐太,阪神,2023,投手,78,23,81,13
及川 雅貴,阪神,2023,投手,74,12,54,16
桐敷 拓馬,阪神,2023,投手,79,15,65,13
才木 浩人,阪神,2023,投手,203,38,221,50
秋山 拓巳,阪神,2023,投手,22,9,22,7
小林 慶祐,阪神,2023,投手,3,1,1,0
西 純矢,阪神,2023,投手,148,41,133,38
西 勇輝,阪神,2023,投手,218,45,195,61
青柳 晃洋,阪神,2023,投手,258,73,124,29
石井 大智,阪神,2023,投手,54,12,97,31
村上 頌樹,阪神,2023,投手,270,53,238,39
大竹 耕太郎,阪神,2023,投手,217,62,274,60
島本 浩也,阪神,2023,投手,57,9,35,10
湯浅 京己,阪神,2023,投手,25,8,34,7
馬場 皐輔,阪神,2023,投手,44,8,35,9
浜地 真澄,阪神,2023,投手,48,17,64,15
富田 蓮,阪神,2023,投手,24,5,36,9
門別 啓人,阪神,2023,投手,18,10,17,3
エンス,西武,2023,投手,74,21,122,32
クリスキー,西武,2023,投手,27,5,20,1
ティノコ,西武,2023,投手,70,21,64,12
ボー・タカハシ,西武,2023,投手,53,11,67,9
宮川 哲,西武,2023,投手,31,8,36,15
隅田 知一郎,西武,2023,投手,220,61,281,62
公文 克彦,西武,2023,投手,14,6,5,1
今井 達也,西武,2023,投手,268,50,186,37
佐々木 健,西武,2023,投手,44,10,26,4
佐藤 隼輔,西武,2023,投手,84,23,64,12
松本 航,西武,2023,投手,233,54,199,48
森脇 亮介,西武,2023,投手,61,12,39,10
水上 由伸,西武,2023,投手,20,3,37,9
青山 美夏人,西武,2023,投手,95,16,64,16
増田 達至,西武,2023,投手,97,25,60,19
大曲 錬,西武,2023,投手,18,4,23,10
張 奕,西武,2023,投手,11,5,12,5
田村 伊知郎,西武,2023,投手,42,5,41,9
渡邉 勇太朗,西武,2023,投手,15,3,22,4
豆田 泰志,西武,2023,投手,26,6,27,2
平井 克典,西武,2023,投手,110,31,81,15
平良 海馬,西武,2023,投手,286,65,254,50
本田 圭佑,西武,2023,投手,72,19,57,15
與座 海人,西武,2023,投手,178,40,125,32
髙橋 光成,西武,2023,投手,313,80,244,43
フェリス,中日,2023,投手,20,3,30,6
マルティネス,中日,2023,投手,101,19,65,12
メヒア,中日,2023,投手,74,18,80,13
岡野 祐一郎,中日,2023,投手,50,12,34,10
橋本 侑樹,中日,2023,投手,27,3,22,6
近藤 廉,中日,2023,投手,1,2,9,6
根尾 昂,中日,2023,投手,30,9,13,0
砂田 毅樹,中日,2023,投手,37,9,15,3
勝野 昌慶,中日,2023,投手,71,8,100,25
小笠原 慎之介,中日,2023,投手,242,53,362,100
松山 晋也,中日,2023,投手,65,9,57,14
松葉 貴大,中日,2023,投手,82,24,129,31
上田 洸太朗,中日,2023,投手,39,13,40,9
清水 達也,中日,2023,投手,84,17,79,17
祖父江 大輔,中日,2023,投手,79,24,80,15
大野 雄大,中日,2023,投手,9,2,16,1
谷元 圭介,中日,2023,投手,10,4,9,1
仲地 礼亜,中日,2023,投手,95,27,70,14
田島 慎二,中日,2023,投手,52,12,51,12
藤嶋 健人,中日,2023,投手,96,17,83,17
梅津 晃大,中日,2023,投手,25,5,37,4
福 敬登,中日,2023,投手,47,8,14,4
福谷 浩司,中日,2023,投手,122,37,100,35
福島 章太,中日,2023,投手,7,3,9,5
柳 裕也,中日,2023,投手,304,72,266,54
涌井 秀章,中日,2023,投手,235,66,196,50
鈴木 博志,中日,2023,投手,36,11,54,12
齋藤 綱記,中日,2023,投手,61,14,41,9
髙橋 宏斗,中日,2023,投手,296,77,247,52
ポンセ,日本ハム,2023,投手,105,28,100,31
マーベル,日本ハム,2023,投手,36,10,46,11
メネズ,日本ハム,2023,投手,51,16,42,8
ロドリゲス,日本ハム,2023,投手,68,24,70,18
伊藤 大海,日本ハム,2023,投手,316,96,262,51
井口 和朋,日本ハム,2023,投手,7,1,11,5
加藤 貴之,日本ハム,2023,投手,269,72,350,90
河野 竜生,日本ハム,2023,投手,91,15,57,15
吉田 輝星,日本ハム,2023,投手,4,2,7,3
宮西 尚生,日本ハム,2023,投手,56,15,37,14
宮内 春輝,日本ハム,2023,投手,34,12,35,11
玉井 大翔,日本ハム,2023,投手,71,27,79,16
金村 尚真,日本ハム,2023,投手,51,13,41,5
根本 悠楓,日本ハム,2023,投手,40,5,48,7
山本 拓実,日本ハム,2023,投手,69,24,72,16
上原 健太,日本ハム,2023,投手,148,44,238,57
上沢 直之,日本ハム,2023,投手,361,91,277,61
杉浦 稔大,日本ハム,2023,投手,39,10,44,12
生田目 翼,日本ハム,2023,投手,16,4,12,1
石川 直也,日本ハム,2023,投手,24,7,36,10
池田 隆英,日本ハム,2023,投手,99,19,80,14
長谷川 威展,日本ハム,2023,投手,14,6,15,2
田中 瑛斗,日本ハム,2023,投手,21,3,11,5
田中 正義,日本ハム,2023,投手,86,19,85,24
福田 俊,日本ハム,2023,投手,54,5,32,6
北浦 竜次,日本ハム,2023,投手,23,6,22,6
北山 亘基,日本ハム,2023,投手,128,28,102,21
堀 瑞輝,日本ハム,2023,投手,12,6,7,3
矢澤 宏太,日本ハム,2023,投手,3,1,4,0
立野 和明,日本ハム,2023,投手,17,4,11,6
鈴木 健矢,日本ハム,2023,投手,154,46,90,13
ウィック,DeNA,2024,投手,92,22,78,14
ウェンデルケン,DeNA,2024,投手,54,10,43,10
ケイ,DeNA,2024,投手,199,52,310,78
ジャクソン,DeNA,2024,投手,292,58,230,51
ディアス,DeNA,2024,投手,8,1,6,1
伊勢 大夢,DeNA,2024,投手,74,20,46,8
吉野 光樹,DeNA,2024,投手,75,23,49,11
宮城 滝太,DeNA,2024,投手,7,3,2,0
京山 将弥,DeNA,2024,投手,35,8,45,10
佐々木 千隼,DeNA,2024,投手,78,17,59,13
坂本 裕哉,DeNA,2024,投手,96,30,76,13
三嶋 一輝,DeNA,2024,投手,13,4,13,2
山﨑 康晃,DeNA,2024,投手,80,18,62,17
小園 健太,DeNA,2024,投手,9,4,6,3
松本 隆之介,DeNA,2024,投手,4,1,14,5
松本 凌人,DeNA,2024,投手,20,8,20,2
森 唯斗,DeNA,2024,投手,86,24,58,26
森原 康平,DeNA,2024,投手,119,31,108,23
石田 健大,DeNA,2024,投手,45,11,72,17
石田 裕太郎,DeNA,2024,投手,125,41,113,35
大貫 晋一,DeNA,2024,投手,184,43,150,35
中川 虎大,DeNA,2024,投手,63,14,55,15
中川 颯,DeNA,2024,投手,116,36,108,29
東 克樹,DeNA,2024,投手,292,80,390,86
徳山 壮磨,DeNA,2024,投手,52,9,52,18
浜地 真澄,DeNA,2024,投手,37,6,43,11
平良 拳太郎,DeNA,2024,投手,62,19,41,5
堀岡 隼人,DeNA,2024,投手,9,0,13,5
エスピノーザ,オリックス,2024,投手,253,63,231,59
カスティーヨ,オリックス,2024,投手,193,43,159,32
マチャド,オリックス,2024,投手,91,12,98,24
阿部 翔太,オリックス,2024,投手,28,8,23,4
井口 和朋,オリックス,2024,投手,43,15,71,14
宇田川 優希,オリックス,2024,投手,17,2,19,2
吉田 輝星,オリックス,2024,投手,67,18,82,22
宮城 大弥,オリックス,2024,投手,205,40,320,75
九里 亜蓮,オリックス,2024,投手,233,54,254,61
古田島 成龍,オリックス,2024,投手,75,14,83,16
佐藤 一磨,オリックス,2024,投手,21,9,22,4
才木 海翔,オリックス,2024,投手,43,15,47,13
山岡 泰輔,オリックス,2024,投手,11,1,10,4
山下 舜平大,オリックス,2024,投手,119,31,102,18
山田 修義,オリックス,2024,投手,106,22,47,8
山﨑 颯一郎,オリックス,2024,投手,11,4,14,3
小木田 敦也,オリックス,2024,投手,22,4,21,5
川瀬 堅斗,オリックス,2024,投手,22,6,18,5
前 佑囲斗,オリックス,2024,投手,8,3,12,5
曽谷 龍平,オリックス,2024,投手,188,47,258,65
村西 良太,オリックス,2024,投手,3,1,1,0
田嶋 大樹,オリックス,2024,投手,207,52,242,69
東 晃平,オリックス,2024,投手,106,23,103,24
博志,オリックス,2024,投手,78,22,70,18
比嘉 幹貴,オリックス,2024,投手,4,0,7,1
富山 凌雅,オリックス,2024,投手,28,6,13,4
平野 佳寿,オリックス,2024,投手,31,11,20,8
本田 圭佑,オリックス,2024,投手,68,22,52,14
本田 仁海,オリックス,2024,投手,38,12,47,9
椋木 蓮,オリックス,2024,投手,30,10,23,8
齋藤 響介,オリックス,2024,投手,76,15,57,14
髙島 泰都,オリックス,2024,投手,117,31,86,19
オスナ,ソフトバンク,2024,投手,68,16,72,20
スチュワート・ジュニア,ソフトバンク,2024,投手,213,34,207,45
ヘルナンデス,ソフトバンク,2024,投手,72,11,99,23
モイネロ,ソフトバンク,2024,投手,224,43,348,64
岩井 俊介,ソフトバンク,2024,投手,22,4,28,6
松本 晴,ソフトバンク,2024,投手,25,5,32,7
松本 裕樹,ソフトバンク,2024,投手,90,22,82,15
上茶谷 大河,ソフトバンク,2024,投手,48,17,48,15
杉山 一樹,ソフトバンク,2024,投手,90,11,79,17
前田 純,ソフトバンク,2024,投手,8,1,12,2
前田 悠伍,ソフトバンク,2024,投手,10,4,6,4
村田 賢一,ソフトバンク,2024,投手,3,1,2,1
大関 友久,ソフトバンク,2024,投手,176,39,255,45
大山 凌,ソフトバンク,2024,投手,47,12,49,7
大津 亮介,ソフトバンク,2024,投手,216,48,224,53
長谷川 威展,ソフトバンク,2024,投手,61,13,36,7
津森 宥紀,ソフトバンク,2024,投手,72,14,83,17
田浦 文丸,ソフトバンク,2024,投手,7,2,8,2
東浜 巨,ソフトバンク,2024,投手,100,21,117,32
藤井 皓哉,ソフトバンク,2024,投手,78,19,65,9
尾形 崇斗,ソフトバンク,2024,投手,19,4,24,4
又吉 克樹,ソフトバンク,2024,投手,71,14,75,23
木村 光,ソフトバンク,2024,投手,12,2,10,3
有原 航平,ソフトバンク,2024,投手,330,75,332,67
和田 毅,ソフトバンク,2024,投手,41,12,56,15
澤柳 亮太郎,ソフトバンク,2024,投手,16,4,18,3
濵口 遥大,ソフトバンク,2024,投手,101,28,88,19
エスパーダ,ヤクルト,2024,投手,57,18,41,9
サイスニード,ヤクルト,2024,投手,245,76,243,72
ロドリゲス,ヤクルト,2024,投手,78,22,89,18
奥川 恭伸,ヤクルト,2024,投手,62,17,59,12
嘉弥真 新也,ヤクルト,2024,投手,15,8,7,4
丸山 翔大,ヤクルト,2024,投手,56,12,55,11
吉村 貢司郎,ヤクルト,2024,投手,304,88,224,56
宮川 哲,ヤクルト,2024,投手,14,6,5,3
金久保 優斗,ヤクルト,2024,投手,11,2,17,3
原 樹理,ヤクルト,2024,投手,17,4,18,2
高橋 奎二,ヤクルト,2024,投手,194,51,256,65
高梨 裕稔,ヤクルト,2024,投手,75,24,73,20
阪口 皓亮,ヤクルト,2024,投手,22,8,12,3
山本 大貴,ヤクルト,2024,投手,69,12,37,6
山野 太一,ヤクルト,2024,投手,91,24,108,35
小川 泰弘,ヤクルト,2024,投手,132,40,120,35
小澤 怜史,ヤクルト,2024,投手,151,37,125,27
松本 健吾,ヤクルト,2024,投手,28,5,30,12
星 知弥,ヤクルト,2024,投手,77,18,67,19
清水 昇,ヤクルト,2024,投手,42,15,33,9
石原 勇輝,ヤクルト,2024,投手,3,1,1,0
石山 泰稚,ヤクルト,2024,投手,80,25,85,28
石川 雅規,ヤクルト,2024,投手,70,25,80,20
大西 広樹,ヤクルト,2024,投手,76,21,138,32
長谷川 宙輝,ヤクルト,2024,投手,37,8,42,13
田口 麗斗,ヤクルト,2024,投手,71,18,53,16
尾仲 祐哉,ヤクルト,2024,投手,5,1,3,2
木澤 尚文,ヤクルト,2024,投手,78,22,119,28
矢崎 拓也,ヤクルト,2024,投手,46,10,41,12
カイケル,ロッテ,2024,投手,56,13,89,24
コルデロ,ロッテ,2024,投手,11,5,9,3
ダイクストラ,ロッテ,2024,投手,15,4,25,6
メルセデス,ロッテ,2024,投手,190,36,259,61
益田 直也,ロッテ,2024,投手,88,15,63,12
横山 陸人,ロッテ,2024,投手,79,11,70,16
岩下 大輝,ロッテ,2024,投手,37,9,36,4
菊地 吏玖,ロッテ,2024,投手,40,9,46,12
吉田 凌,ロッテ,2024,投手,25,7,20,4
高野 脩汰,ロッテ,2024,投手,29,10,28,6
国吉 佑樹,ロッテ,2024,投手,75,18,70,13
佐々木 朗希,ロッテ,2024,投手,224,49,182,34
坂本 光士郎,ロッテ,2024,投手,66,23,58,11
種市 篤暉,ロッテ,2024,投手,289,73,258,55
小島 和哉,ロッテ,2024,投手,246,69,371,88
小野 郁,ロッテ,2024,投手,8,2,4,2
西村 天裕,ロッテ,2024,投手,39,12,29,6
西野 勇士,ロッテ,2024,投手,261,70,203,50
石川 柊太,ロッテ,2024,投手,127,33,100,18
石川 歩,ロッテ,2024,投手,55,12,41,18
大谷 輝龍,ロッテ,2024,投手,3,1,1,0
中森 俊介,ロッテ,2024,投手,50,11,42,12
中村 稔弥,ロッテ,2024,投手,65,16,63,14
中村 亮太,ロッテ,2024,投手,3,0,1,3
田中 晴也,ロッテ,2024,投手,34,5,37,9
唐川 侑己,ロッテ,2024,投手,80,15,58,13
東妻 勇輔,ロッテ,2024,投手,18,8,14,5
二保 旭,ロッテ,2024,投手,29,12,19,8
八木 彬,ロッテ,2024,投手,23,5,21,6
美馬 学,ロッテ,2024,投手,35,12,25,5
鈴木 昭汰,ロッテ,2024,投手,91,19,79,13
廣畑 敦也,ロッテ,2024,投手,27,7,20,6
澤村 拓一,ロッテ,2024,投手,49,13,72,11
澤田 圭佑,ロッテ,2024,投手,45,14,32,8
ターリー,楽天,2024,投手,25,8,33,7
ポンセ,楽天,2024,投手,144,45,133,47
ヤフーレ,楽天,2024,投手,245,73,244,57
加治屋 蓮,楽天,2024,投手,21,4,22,7
岸 孝之,楽天,2024,投手,287,70,265,74
吉川 雄大,楽天,2024,投手,48,22,40,10
宮森 智志,楽天,2024,投手,13,3,18,2
弓削 隼人,楽天,2024,投手,74,23,63,19
古謝 樹,楽天,2024,投手,127,31,176,39
高田 孝一,楽天,2024,投手,22,6,19,7
今野 龍太,楽天,2024,投手,11,2,12,5
坂井 陽翔,楽天,2024,投手,3,1,,0
柴田 大地,楽天,2024,投手,2,0,3,1
酒居 知史,楽天,2024,投手,80,18,80,17
小孫 竜二,楽天,2024,投手,1,0,2,1
松井 友飛,楽天,2024,投手,51,18,42,12
松田 啄磨,楽天,2024,投手,24,6,27,8
西垣 雅矢,楽天,2024,投手,45,12,37,16
宋 家豪,楽天,2024,投手,66,16,81,25
早川 隆久,楽天,2024,投手,247,58,397,98
荘司 康誠,楽天,2024,投手,72,21,41,11
則本 昂大,楽天,2024,投手,102,28,101,29
瀧中 瞭太,楽天,2024,投手,143,45,121,29
津留﨑 大成,楽天,2024,投手,58,22,41,14
渡辺 翔太,楽天,2024,投手,80,22,92,20
藤井 聖,楽天,2024,投手,198,59,287,79
藤平 尚真,楽天,2024,投手,79,14,82,15
内 星龍,楽天,2024,投手,236,70,192,43
日當 直喜,楽天,2024,投手,3,1,,0
鈴木 翔天,楽天,2024,投手,77,11,84,13
櫻井 周斗,楽天,2024,投手,24,8,16,3
グリフィン,巨人,2024,投手,180,39,254,60
ケラー,巨人,2024,投手,74,13,89,11
バルドナード,巨人,2024,投手,93,22,95,18
マルティネス,巨人,2024,投手,111,19,87,16
メンデス,巨人,2024,投手,11,2,9,4
伊藤 優輔,巨人,2024,投手,15,4,12,1
井上 温大,巨人,2024,投手,152,41,224,46
横川 凱,巨人,2024,投手,53,10,46,13
京本 眞,巨人,2024,投手,7,2,9,2
戸郷 翔征,巨人,2024,投手,348,81,290,48
高橋 礼,巨人,2024,投手,104,27,70,15
高梨 雄平,巨人,2024,投手,87,17,39,9
今村 信貴,巨人,2024,投手,17,3,11,3
山﨑 伊織,巨人,2024,投手,273,72,269,68
松井 颯,巨人,2024,投手,3,1,2,1
菅野 智之,巨人,2024,投手,314,72,263,60
西舘 勇陽,巨人,2024,投手,52,13,54,9
石川 達也,巨人,2024,投手,29,9,23,6
赤星 優志,巨人,2024,投手,136,31,135,35
泉 圭輔,巨人,2024,投手,69,15,63,13
船迫 大雅,巨人,2024,投手,47,14,89,14
大江 竜聖,巨人,2024,投手,31,7,14,2
大勢,巨人,2024,投手,88,16,63,12
中川 皓太,巨人,2024,投手,30,9,24,10
田中 瑛斗,巨人,2024,投手,10,3,7,3
田中 将大,巨人,2024,投手,11,3,8,3
田中 千晴,巨人,2024,投手,8,1,6,1
馬場 皐輔,巨人,2024,投手,1,1,2,0
平内 龍太,巨人,2024,投手,58,17,69,18
堀田 賢慎,巨人,2024,投手,88,23,95,20
又木 鉄平,巨人,2024,投手,13,3,25,8
アドゥワ 誠,広島,2024,投手,208,55,196,47
ケムナ 誠,広島,2024,投手,8,3,11,3
コルニエル,広島,2024,投手,26,4,36,11
ハーン,広島,2024,投手,58,11,58,7
ハッチ,広島,2024,投手,42,15,49,13
益田 武尚,広島,2024,投手,13,4,23,8
遠藤 淳志,広島,2024,投手,5,2,9,3
河野 佳,広島,2024,投手,31,8,36,12
玉村 昇悟,広島,2024,投手,118,32,175,45
栗林 良吏,広島,2024,投手,99,16,92,17
高橋 昂也,広島,2024,投手,2,0,1,0
黒原 拓未,広島,2024,投手,101,22,115,18
床田 寛樹,広島,2024,投手,283,83,336,87
松本 竜也,広島,2024,投手,19,3,25,6
常廣 羽也斗,広島,2024,投手,17,6,27,9
森 翔平,広島,2024,投手,47,12,52,13
森浦 大輔,広島,2024,投手,60,17,108,23
森下 暢仁,広島,2024,投手,283,62,282,75
大瀬良 大地,広島,2024,投手,312,63,251,55
大道 温貴,広島,2024,投手,10,4,12,5
滝田 一希,広島,2024,投手,6,0,8,2
中﨑 翔太,広島,2024,投手,43,10,46,14
長谷部 銀次,広島,2024,投手,9,0,11,1
島内 颯太郎,広島,2024,投手,103,20,94,23
野村 祐輔,広島,2024,投手,23,6,20,5
鈴木 健矢,広島,2024,投手,42,10,36,7
塹江 敦哉,広島,2024,投手,94,26,50,13
髙 太一,広島,2024,投手,2,0,5,1
ゲラ,阪神,2024,投手,101,26,102,21
ビーズリー,阪神,2024,投手,155,40,116,13
伊藤 将司,阪神,2024,投手,157,50,139,40
岡留 英貴,阪神,2024,投手,60,15,86,21
岩崎 優,阪神,2024,投手,105,21,106,27
岩貞 祐太,阪神,2024,投手,4,1,1,0
及川 雅貴,阪神,2024,投手,52,16,56,9
桐敷 拓馬,阪神,2024,投手,129,28,104,20
佐藤 蓮,阪神,2024,投手,1,0,2,0
才木 浩人,阪神,2024,投手,316,71,305,69
漆原 大晟,阪神,2024,投手,57,15,72,23
西 純矢,阪神,2024,投手,7,0,15,5
西 勇輝,阪神,2024,投手,243,58,230,55
青柳 晃洋,阪神,2024,投手,136,43,95,23
石井 大智,阪神,2024,投手,52,13,118,21
石黒 佑弥,阪神,2024,投手,8,4,7,2
川原 陸,阪神,2024,投手,2,0,2,1
村上 頌樹,阪神,2024,投手,315,72,266,71
大竹 耕太郎,阪神,2024,投手,226,59,310,75
島本 浩也,阪神,2024,投手,54,13,42,14
畠 世周,阪神,2024,投手,4,0,6,1
富田 蓮,阪神,2024,投手,74,17,56,9
門別 啓人,阪神,2024,投手,22,7,28,8
髙橋 遥人,阪神,2024,投手,45,9,61,11
アブレイユ,西武,2024,投手,94,21,80,17
ボー・タカハシ,西武,2024,投手,168,47,98,23
ヤン,西武,2024,投手,74,23,42,9
羽田 慎之介,西武,2024,投手,30,8,26,6
隅田 知一郎,西武,2024,投手,342,94,323,67
甲斐野 央,西武,2024,投手,34,9,33,6
黒木 優太,西武,2024,投手,4,1,2,0
今井 達也,西武,2024,投手,370,89,245,43
佐藤 隼輔,西武,2024,投手,76,11,49,9
糸川 亮太,西武,2024,投手,7,4,6,1
松本 航,西武,2024,投手,122,29,123,25
上田 大河,西武,2024,投手,46,9,38,8
水上 由伸,西武,2024,投手,55,20,54,14
杉山 遙希,西武,2024,投手,9,2,6,3
菅井 信也,西武,2024,投手,47,13,48,13
青山 美夏人,西武,2024,投手,79,21,43,9
増田 達至,西武,2024,投手,22,11,20,4
中村 祐太,西武,2024,投手,58,9,58,17
田村 伊知郎,西武,2024,投手,56,11,52,13
渡邉 勇太朗,西武,2024,投手,168,45,155,36
豆田 泰志,西武,2024,投手,29,9,34,13
浜屋 将太,西武,2024,投手,4,1,6,2
武内 夏暉,西武,2024,投手,242,54,289,66
平井 克典,西武,2024,投手,18,7,24,7
平良 海馬,西武,2024,投手,82,25,94,19
與座 海人,西武,2024,投手,58,14,34,8
髙橋 光成,西武,2024,投手,176,54,143,40
フェリス,中日,2024,投手,28,5,35,10
メヒア,中日,2024,投手,171,44,114,29
伊藤 茉央,中日,2024,投手,11,4,11,3
岩嵜 翔,中日,2024,投手,40,13,39,11
橋本 侑樹,中日,2024,投手,110,24,82,22
根尾 昂,中日,2024,投手,19,8,13,2
三浦 瑞樹,中日,2024,投手,8,2,9,2
勝野 昌慶,中日,2024,投手,73,23,80,21
小笠原 慎之介,中日,2024,投手,247,68,312,83
松山 晋也,中日,2024,投手,109,22,81,16
松木平 優太,中日,2024,投手,98,20,82,26
松葉 貴大,中日,2024,投手,154,34,189,51
清水 達也,中日,2024,投手,103,16,99,25
祖父江 大輔,中日,2024,投手,46,11,61,15
大野 雄大,中日,2024,投手,78,23,91,27
仲地 礼亜,中日,2024,投手,2,0,1,0
田島 慎二,中日,2024,投手,4,3,1,1
土生 翔太,中日,2024,投手,28,8,20,5
藤嶋 健人,中日,2024,投手,80,8,86,21
梅津 晃大,中日,2024,投手,156,38,128,38
梅野 雄吾,中日,2024,投手,42,10,43,16
福 敬登,中日,2024,投手,21,2,13,2
柳 裕也,中日,2024,投手,134,39,127,36
涌井 秀章,中日,2024,投手,162,38,153,41
齋藤 綱記,中日,2024,投手,109,28,65,17
髙橋 宏斗,中日,2024,投手,306,72,210,35
ザバラ,日本ハム,2024,投手,24,3,27,4
バーヘイゲン,日本ハム,2024,投手,100,24,83,20
マーフィー,日本ハム,2024,投手,69,16,67,15
ロドリゲス,日本ハム,2024,投手,13,4,20,5
伊藤 大海,日本ハム,2024,投手,361,91,293,59
加藤 貴之,日本ハム,2024,投手,249,72,392,101
河野 竜生,日本ハム,2024,投手,90,16,65,17
宮西 尚生,日本ハム,2024,投手,55,13,35,5
金村 尚真,日本ハム,2024,投手,274,70,222,46
鍵谷 陽平,日本ハム,2024,投手,2,0,,
根本 悠楓,日本ハム,2024,投手,10,4,9,3
細野 晴希,日本ハム,2024,投手,17,4,17,4
山本 拓実,日本ハム,2024,投手,71,15,73,20
山﨑 福也,日本ハム,2024,投手,249,67,302,75
松浦 慶斗,日本ハム,2024,投手,5,2,11,2
上原 健太,日本ハム,2024,投手,48,20,60,20
杉浦 稔大,日本ハム,2024,投手,55,10,65,14
清宮 虎多朗,日本ハム,2024,投手,5,2,7,2
生田目 翼,日本ハム,2024,投手,77,25,79,23
達 孝太,日本ハム,2024,投手,12,2,6,1
池田 隆英,日本ハム,2024,投手,37,7,43,7
田中 正義,日本ハム,2024,投手,99,16,76,17
畔柳 亨丞,日本ハム,2024,投手,12,2,8,1
福谷 浩司,日本ハム,2024,投手,58,16,53,14
福田 俊,日本ハム,2024,投手,5,1,2,0
福島 蓮,日本ハム,2024,投手,121,30,104,21
北浦 竜次,日本ハム,2024,投手,25,7,20,8
北山 亘基,日本ハム,2024,投手,155,32,125,20
堀 瑞輝,日本ハム,2024,投手,19,4,15,8
矢澤 宏太,日本ハム,2024,投手,24,5,22,6
柳川 大晟,日本ハム,2024,投手,44,8,31,3
齋藤 友貴哉,日本ハム,2024,投手,53,11,49,12
ウィック,DeNA,2025,投手,68,17,75,8
ケイ,DeNA,2025,投手,295,61,258,50
ジャクソン,DeNA,2025,投手,316,82,241,52
マルセリーノ,DeNA,2025,投手,2,1,3,0
伊勢 大夢,DeNA,2025,投手,100,29,93,17
岩田 将貴,DeNA,2025,投手,5,2,,0
吉野 光樹,DeNA,2025,投手,14,3,16,5
宮城 滝太,DeNA,2025,投手,95,18,85,21
橋本 達弥,DeNA,2025,投手,4,2,2,1
佐々木 千隼,DeNA,2025,投手,41,13,38,7
坂本 裕哉,DeNA,2025,投手,57,18,82,16
三嶋 一輝,DeNA,2025,投手,10,4,20,9
山﨑 康晃,DeNA,2025,投手,37,7,20,7
篠木 健太郎,DeNA,2025,投手,9,3,12,3
若松 尚輝,DeNA,2025,投手,20,11,13,3
小園 健太,DeNA,2025,投手,10,2,7,1
松本 凌人,DeNA,2025,投手,7,3,8,2
森 唯斗,DeNA,2025,投手,12,3,9,2
森原 康平,DeNA,2025,投手,55,9,45,11
石田 裕太郎,DeNA,2025,投手,178,38,160,35
大貫 晋一,DeNA,2025,投手,143,38,111,29
竹田 祐,DeNA,2025,投手,59,10,64,12
中川 虎大,DeNA,2025,投手,47,7,49,17
東 克樹,DeNA,2025,投手,202,36,403,106
入江 大生,DeNA,2025,投手,83,18,78,14
浜地 真澄,DeNA,2025,投手,10,2,1,0
武田 陸玖,DeNA,2025,投手,2,0,1,2
平良 拳太郎,DeNA,2025,投手,96,28,116,26
堀岡 隼人,DeNA,2025,投手,26,10,24,7
颯,DeNA,2025,投手,38,10,56,16
エスピノーザ,オリックス,2025,投手,271,67,235,64
マチャド,オリックス,2025,投手,95,24,114,26
阿部 翔太,オリックス,2025,投手,23,5,32,9
井口 和朋,オリックス,2025,投手,11,5,9,3
横山 楓,オリックス,2025,投手,25,7,32,5
岩嵜 翔,オリックス,2025,投手,72,13,72,22
宮城 大弥,オリックス,2025,投手,213,48,359,87
九里 亜蓮,オリックス,2025,投手,337,95,277,60
権田 琉成,オリックス,2025,投手,25,9,22,7
古田島 成龍,オリックス,2025,投手,34,9,39,12
佐藤 一磨,オリックス,2025,投手,34,13,25,9
才木 海翔,オリックス,2025,投手,59,11,57,9
山岡 泰輔,オリックス,2025,投手,72,24,75,18
山下 舜平大,オリックス,2025,投手,45,10,31,4
山口 廉王,オリックス,2025,投手,1,0,2,0
山田 修義,オリックス,2025,投手,60,15,31,10
山﨑 颯一郎,オリックス,2025,投手,46,15,55,9
寺西 成騎,オリックス,2025,投手,84,25,62,21
川瀬 堅斗,オリックス,2025,投手,57,17,63,15
曽谷 龍平,オリックス,2025,投手,199,59,248,66
田嶋 大樹,オリックス,2025,投手,201,50,210,56
東 晃平,オリックス,2025,投手,54,16,39,5
東松 快征,オリックス,2025,投手,24,7,22,10
入山 海斗,オリックス,2025,投手,27,3,23,6
博志,オリックス,2025,投手,32,9,20,7
富山 凌雅,オリックス,2025,投手,7,3,10,3
平野 佳寿,オリックス,2025,投手,5,3,6,2
片山 楽生,オリックス,2025,投手,54,14,61,16
本田 圭佑,オリックス,2025,投手,32,14,21,4
椋木 蓮,オリックス,2025,投手,58,22,49,14
髙島 泰都,オリックス,2025,投手,122,36,116,31
オスナ,ソフトバンク,2025,投手,53,12,40,11
ヘルナンデス,ソフトバンク,2025,投手,75,18,73,16
モイネロ,ソフトバンク,2025,投手,215,41,368,71
伊藤 優輔,ソフトバンク,2025,投手,8,1,16,3
岩井 俊介,ソフトバンク,2025,投手,19,9,18,2
岩崎 峻典,ソフトバンク,2025,投手,1,1,6,3
宮﨑 颯,ソフトバンク,2025,投手,2,0,6,3
松本 晴,ソフトバンク,2025,投手,139,37,215,57
松本 裕樹,ソフトバンク,2025,投手,76,16,94,12
上茶谷 大河,ソフトバンク,2025,投手,23,4,31,11
杉山 一樹,ソフトバンク,2025,投手,104,21,128,27
川口 冬弥,ソフトバンク,2025,投手,10,2,10,1
前田 純,ソフトバンク,2025,投手,80,16,108,28
前田 悠伍,ソフトバンク,2025,投手,20,5,25,9
大関 友久,ソフトバンク,2025,投手,202,38,338,69
大江 竜聖,ソフトバンク,2025,投手,28,4,29,4
大山 凌,ソフトバンク,2025,投手,59,19,61,11
大津 亮介,ソフトバンク,2025,投手,97,20,147,43
大野 稼頭央,ソフトバンク,2025,投手,2,1,13,3
津森 宥紀,ソフトバンク,2025,投手,49,16,41,11
東浜 巨,ソフトバンク,2025,投手,56,13,67,17
藤井 皓哉,ソフトバンク,2025,投手,85,16,89,16
尾形 崇斗,ソフトバンク,2025,投手,65,16,74,20
木村 光,ソフトバンク,2025,投手,31,3,27,6
有原 航平,ソフトバンク,2025,投手,377,104,279,63
アビラ,ヤクルト,2025,投手,163,37,137,33
バウマン,ヤクルト,2025,投手,29,6,32,11
ランバート,ヤクルト,2025,投手,224,60,214,63
奥川 恭伸,ヤクルト,2025,投手,205,67,207,60
下川 隼佑,ヤクルト,2025,投手,39,8,59,11
丸山 翔大,ヤクルト,2025,投手,21,7,18,4
吉村 貢司郎,ヤクルト,2025,投手,249,75,257,57
金久保 優斗,ヤクルト,2025,投手,25,8,36,15
高橋 奎二,ヤクルト,2025,投手,82,19,74,15
高梨 裕稔,ヤクルト,2025,投手,176,43,189,52
坂本 拓己,ヤクルト,2025,投手,2,0,2,1
阪口 皓亮,ヤクルト,2025,投手,48,17,43,10
山本 大貴,ヤクルト,2025,投手,32,9,32,10
山野 太一,ヤクルト,2025,投手,112,28,194,56
小川 泰弘,ヤクルト,2025,投手,147,46,165,43
小澤 怜史,ヤクルト,2025,投手,61,15,40,12
松本 健吾,ヤクルト,2025,投手,56,14,58,15
沼田 翔平,ヤクルト,2025,投手,6,4,2,1
星 知弥,ヤクルト,2025,投手,78,18,76,20
清水 昇,ヤクルト,2025,投手,78,28,78,23
青柳 晃洋,ヤクルト,2025,投手,36,13,13,1
石原 勇輝,ヤクルト,2025,投手,7,4,12,4
石山 泰稚,ヤクルト,2025,投手,78,11,58,11
石川 雅規,ヤクルト,2025,投手,59,21,55,21
荘司 宏太,ヤクルト,2025,投手,80,11,55,8
大西 広樹,ヤクルト,2025,投手,76,19,94,22
中村 優斗,ヤクルト,2025,投手,39,17,31,8
長谷川 宙輝,ヤクルト,2025,投手,11,4,9,2
田口 麗斗,ヤクルト,2025,投手,70,10,35,11
木澤 尚文,ヤクルト,2025,投手,68,20,81,20
矢崎 拓也,ヤクルト,2025,投手,69,13,74,13
サモンズ,ロッテ,2025,投手,128,28,195,47
ボス,ロッテ,2025,投手,272,79,214,50
一條 力真,ロッテ,2025,投手,2,0,2,1
益田 直也,ロッテ,2025,投手,46,12,32,7
横山 陸人,ロッテ,2025,投手,97,19,103,18
河村 説人,ロッテ,2025,投手,34,5,46,12
菊地 吏玖,ロッテ,2025,投手,40,12,54,12
吉川 悠斗,ロッテ,2025,投手,10,2,22,3
高野 脩汰,ロッテ,2025,投手,86,17,108,26
坂井 遼,ロッテ,2025,投手,2,0,1,0
坂本 光士郎,ロッテ,2025,投手,14,3,8,3
種市 篤暉,ロッテ,2025,投手,297,64,298,70
小島 和哉,ロッテ,2025,投手,206,48,345,96
小野 郁,ロッテ,2025,投手,83,16,77,24
西村 天裕,ロッテ,2025,投手,2,1,1,3
西野 勇士,ロッテ,2025,投手,82,23,107,26
石川 柊太,ロッテ,2025,投手,202,53,200,57
早坂 響,ロッテ,2025,投手,29,6,13,6
中森 俊介,ロッテ,2025,投手,50,13,53,6
中村 稔弥,ロッテ,2025,投手,32,10,42,9
田中 晴也,ロッテ,2025,投手,132,30,149,33
唐川 侑己,ロッテ,2025,投手,17,4,19,6
東妻 勇輔,ロッテ,2025,投手,10,4,14,6
二木 康太,ロッテ,2025,投手,2,0,3,2
八木 彬,ロッテ,2025,投手,56,19,50,13
美馬 学,ロッテ,2025,投手,,,1,0
木村 優人,ロッテ,2025,投手,122,29,132,28
鈴木 昭汰,ロッテ,2025,投手,50,15,56,17
廣池 康志郎,ロッテ,2025,投手,40,12,39,9
廣畑 敦也,ロッテ,2025,投手,16,3,15,5
澤村 拓一,ロッテ,2025,投手,28,11,38,5
澤田 圭佑,ロッテ,2025,投手,49,13,54,12
ハワード,楽天,2025,投手,75,13,106,29
ヤフーレ,楽天,2025,投手,137,42,117,38
加治屋 蓮,楽天,2025,投手,69,23,94,18
岸 孝之,楽天,2025,投手,227,66,209,59
宮森 智志,楽天,2025,投手,19,9,31,9
古謝 樹,楽天,2025,投手,163,44,255,74
江原 雅裕,楽天,2025,投手,49,14,69,21
今野 龍太,楽天,2025,投手,77,15,75,18
坂井 陽翔,楽天,2025,投手,9,2,10,2
柴田 大地,楽天,2025,投手,12,2,17,6
小孫 竜二,楽天,2025,投手,2,1,4,1
松井 友飛,楽天,2025,投手,47,11,60,20
松田 啄磨,楽天,2025,投手,,0,2,0
辛島 航,楽天,2025,投手,8,1,23,14
西垣 雅矢,楽天,2025,投手,87,22,123,17
西口 直人,楽天,2025,投手,82,13,94,16
宋 家豪,楽天,2025,投手,20,7,15,3
早川 隆久,楽天,2025,投手,96,26,168,41
荘司 康誠,楽天,2025,投手,121,21,160,44
則本 昂大,楽天,2025,投手,112,31,98,29
泰 勝利,楽天,2025,投手,17,5,8,2
大内 誠弥,楽天,2025,投手,16,3,14,2
瀧中 瞭太,楽天,2025,投手,164,46,169,37
中込 陽翔,楽天,2025,投手,13,2,13,4
津留﨑 大成,楽天,2025,投手,53,16,58,14
渡辺 翔太,楽天,2025,投手,47,17,54,12
藤井 聖,楽天,2025,投手,181,45,242,76
藤平 尚真,楽天,2025,投手,112,19,103,26
内 星龍,楽天,2025,投手,169,54,150,29
日當 直喜,楽天,2025,投手,1,0,2,0
林 優樹,楽天,2025,投手,2,0,2,0
鈴木 翔天,楽天,2025,投手,86,15,70,18
グリフィン,巨人,2025,投手,116,24,153,32
ケラー,巨人,2025,投手,77,14,84,13
バルドナード,巨人,2025,投手,24,6,20,2
マルティネス,巨人,2025,投手,111,13,84,19
井上 温大,巨人,2025,投手,186,53,235,62
横川 凱,巨人,2025,投手,104,23,138,40
菊地 大稀,巨人,2025,投手,14,0,22,7
宮原 駿介,巨人,2025,投手,22,3,32,9
戸郷 翔征,巨人,2025,投手,197,62,236,62
戸田 懐生,巨人,2025,投手,6,2,5,1
高梨 雄平,巨人,2025,投手,31,9,23,5
山田 龍聖,巨人,2025,投手,7,1,6,2
山﨑 伊織,巨人,2025,投手,308,66,264,58
森田 駿哉,巨人,2025,投手,36,8,104,27
西舘 勇陽,巨人,2025,投手,102,26,107,32
石川 達也,巨人,2025,投手,100,24,113,29
赤星 優志,巨人,2025,投手,237,53,218,57
泉 圭輔,巨人,2025,投手,23,11,28,3
船迫 大雅,巨人,2025,投手,59,12,107,22
大勢,巨人,2025,投手,123,26,97,21
中川 皓太,巨人,2025,投手,110,26,92,29
田中 瑛斗,巨人,2025,投手,52,15,125,28
田中 将大,巨人,2025,投手,88,31,94,22
馬場 皐輔,巨人,2025,投手,16,5,11,1
平内 龍太,巨人,2025,投手,26,7,34,11
堀田 賢慎,巨人,2025,投手,46,10,39,13
又木 鉄平,巨人,2025,投手,20,6,33,10
アドゥワ 誠,広島,2025,投手,35,13,42,13
ドミンゲス,広島,2025,投手,51,11,41,7
ハーン,広島,2025,投手,84,19,116,35
益田 武尚,広島,2025,投手,12,4,7,2
遠藤 淳志,広島,2025,投手,26,9,33,10
岡本 駿,広島,2025,投手,74,19,83,25
菊地 ハルン,広島,2025,投手,7,1,7,1
玉村 昇悟,広島,2025,投手,158,41,187,51
栗林 良吏,広島,2025,投手,91,16,95,19
高橋 昂也,広島,2025,投手,53,16,73,15
佐藤 柳之介,広島,2025,投手,40,8,53,14
床田 寛樹,広島,2025,投手,284,66,352,92
松本 竜也,広島,2025,投手,9,1,7,3
常廣 羽也斗,広島,2025,投手,53,20,62,17
森 翔平,広島,2025,投手,225,63,281,66
森浦 大輔,広島,2025,投手,79,21,117,23
森下 暢仁,広島,2025,投手,290,72,275,68
斉藤 優汰,広島,2025,投手,12,5,11,2
大瀬良 大地,広島,2025,投手,268,66,252,65
大道 温貴,広島,2025,投手,2,0,1,0
滝田 一希,広島,2025,投手,9,0,18,3
中﨑 翔太,広島,2025,投手,71,15,79,21
長谷部 銀次,広島,2025,投手,10,3,15,6
辻 大雅,広島,2025,投手,29,8,30,4
島内 颯太郎,広島,2025,投手,89,14,108,16
鈴木 健矢,広島,2025,投手,55,14,67,13
塹江 敦哉,広島,2025,投手,46,15,40,11
髙 太一,広島,2025,投手,65,17,95,17
ゲラ,阪神,2025,投手,9,5,14,5
デュプランティエ,阪神,2025,投手,173,31,142,22
ドリス,阪神,2025,投手,32,7,35,7
ネルソン,阪神,2025,投手,54,15,63,14
ハートウィグ,阪神,2025,投手,11,5,34,4
ビーズリー,阪神,2025,投手,55,21,56,14
伊原 陵人,阪神,2025,投手,170,34,241,61
伊藤 将司,阪神,2025,投手,137,32,189,46
茨木 秀俊,阪神,2025,投手,4,0,5,1
岡留 英貴,阪神,2025,投手,11,3,23,4
岩崎 優,阪神,2025,投手,83,18,108,31
岩貞 祐太,阪神,2025,投手,56,14,60,16
及川 雅貴,阪神,2025,投手,90,11,119,23
桐敷 拓馬,阪神,2025,投手,72,21,82,24
工藤 泰成,阪神,2025,投手,22,5,36,7
才木 浩人,阪神,2025,投手,282,63,294,60
漆原 大晟,阪神,2025,投手,16,3,20,2
西 勇輝,阪神,2025,投手,16,6,4,1
石井 大智,阪神,2025,投手,92,17,96,20
石黒 佑弥,阪神,2025,投手,15,6,15,3
早川 太貴,阪神,2025,投手,17,5,22,3
村上 頌樹,阪神,2025,投手,310,72,322,59
大竹 耕太郎,阪神,2025,投手,147,33,219,54
椎葉 剛,阪神,2025,投手,6,1,5,1
島本 浩也,阪神,2025,投手,24,4,26,8
湯浅 京己,阪神,2025,投手,55,13,66,13
畠 世周,阪神,2025,投手,17,4,23,4
富田 蓮,阪神,2025,投手,48,16,41,10
木下 里都,阪神,2025,投手,27,8,28,10
門別 啓人,阪神,2025,投手,72,22,102,33
髙橋 遥人,阪神,2025,投手,56,11,105,27
E.ラミレス,西武,2025,投手,50,6,41,10
ウィンゲンター,西武,2025,投手,77,13,82,13
ボー・タカハシ,西武,2025,投手,15,6,9,6
羽田 慎之介,西武,2025,投手,45,10,34,10
隅田 知一郎,西武,2025,投手,239,57,362,85
甲斐野 央,西武,2025,投手,74,18,80,16
黒田 将矢,西武,2025,投手,27,7,25,9
黒木 優太,西武,2025,投手,53,16,52,8
今井 達也,西武,2025,投手,300,54,275,47
佐々木 健,西武,2025,投手,29,8,22,5
佐藤 隼輔,西武,2025,投手,45,14,35,10
山田 陽翔,西武,2025,投手,91,23,85,23
糸川 亮太,西武,2025,投手,32,4,31,7
篠原 響,西武,2025,投手,19,12,15,3
松本 航,西武,2025,投手,21,5,33,9
上田 大河,西武,2025,投手,34,10,48,20
水上 由伸,西武,2025,投手,13,3,7,4
杉山 遙希,西武,2025,投手,5,2,18,9
菅井 信也,西武,2025,投手,94,25,110,26
青山 美夏人,西武,2025,投手,5,1,4,2
中村 祐太,西武,2025,投手,41,11,51,10
田村 伊知郎,西武,2025,投手,47,13,56,13
渡邉 勇太朗,西武,2025,投手,257,71,259,56
豆田 泰志,西武,2025,投手,8,2,8,3
浜屋 将太,西武,2025,投手,33,6,17,7
武内 夏暉,西武,2025,投手,117,33,131,37
平良 海馬,西武,2025,投手,83,15,107,28
與座 海人,西武,2025,投手,209,52,132,22
髙橋 光成,西武,2025,投手,322,85,239,56
ウォルターズ,中日,2025,投手,7,2,10,1
マラー,中日,2025,投手,143,40,250,62
マルテ,中日,2025,投手,47,12,64,9
メヒア,中日,2025,投手,73,18,86,17
伊藤 茉央,中日,2025,投手,20,5,21,4
岡田 俊哉,中日,2025,投手,10,2,22,8
吉田 聖弥,中日,2025,投手,15,4,19,6
橋本 侑樹,中日,2025,投手,72,12,80,26
近藤 廉,中日,2025,投手,30,5,26,4
金丸 夢斗,中日,2025,投手,151,35,208,51
根尾 昂,中日,2025,投手,8,2,15,7
三浦 瑞樹,中日,2025,投手,65,22,66,16
勝野 昌慶,中日,2025,投手,39,12,62,15
松山 晋也,中日,2025,投手,101,21,87,19
松木平 優太,中日,2025,投手,3,2,6,0
松葉 貴大,中日,2025,投手,205,42,336,94
清水 達也,中日,2025,投手,89,29,104,20
祖父江 大輔,中日,2025,投手,27,11,46,18
草加 勝,中日,2025,投手,13,7,6,1
大野 雄大,中日,2025,投手,195,46,241,49
仲地 礼亜,中日,2025,投手,5,2,4,1
藤嶋 健人,中日,2025,投手,90,22,102,26
梅野 雄吾,中日,2025,投手,38,11,56,9
福 敬登,中日,2025,投手,37,9,21,3
福田 幸之介,中日,2025,投手,1,0,2,0
柳 裕也,中日,2025,投手,152,39,147,36
涌井 秀章,中日,2025,投手,115,30,117,33
齋藤 綱記,中日,2025,投手,68,14,43,8
髙橋 宏斗,中日,2025,投手,348,86,272,59
ザバラ,日本ハム,2025,投手,5,1,3,0
バーヘイゲン,日本ハム,2025,投手,43,7,61,21
伊藤 大海,日本ハム,2025,投手,423,106,323,73
加藤 貴之,日本ハム,2025,投手,200,51,260,74
河野 竜生,日本ハム,2025,投手,58,10,36,9
宮西 尚生,日本ハム,2025,投手,46,15,35,8
玉井 大翔,日本ハム,2025,投手,43,8,71,15
金村 尚真,日本ハム,2025,投手,172,43,190,51
古林 睿煬,日本ハム,2025,投手,70,16,54,14
細野 晴希,日本ハム,2025,投手,44,5,74,13
山本 拓実,日本ハム,2025,投手,38,12,58,11
山﨑 福也,日本ハム,2025,投手,177,43,245,62
柴田 獅子,日本ハム,2025,投手,25,7,20,4
松岡 洸希,日本ハム,2025,投手,7,2,13,6
上原 健太,日本ハム,2025,投手,57,10,29,5
杉浦 稔大,日本ハム,2025,投手,26,5,34,9
生田目 翼,日本ハム,2025,投手,50,14,47,6
孫 易磊,日本ハム,2025,投手,27,7,20,5
達 孝太,日本ハム,2025,投手,175,35,220,45
池田 隆英,日本ハム,2025,投手,34,9,48,12
田中 正義,日本ハム,2025,投手,90,17,87,20
畔柳 亨丞,日本ハム,2025,投手,8,1,13,4
福谷 浩司,日本ハム,2025,投手,20,5,38,11
福島 蓮,日本ハム,2025,投手,77,18,84,19
北山 亘基,日本ハム,2025,投手,274,55,265,57
堀 瑞輝,日本ハム,2025,投手,3,1,4,2
柳川 大晟,日本ハム,2025,投手,57,10,65,10
齋藤 友貴哉,日本ハム,2025,投手,75,18,86,13