選手名,球団,ポジション,投,打
オースティン,DeNA,外野手,右,右
乙坂 智,DeNA,外野手,右,左
蝦名 達夫,DeNA,外野手,右,右
関根 大気,DeNA,外野手,左,左
宮本 秀明,DeNA,外野手,右,左
桑原 将志,DeNA,外野手,右,右
佐野 恵太,DeNA,外野手,右,左
細川 成也,DeNA,外野手,右,右
神里 和毅,DeNA,外野手,右,左
楠本 泰史,DeNA,外野手,右,左
梶原 昂希,DeNA,外野手,右,左
村川 凪,DeNA,外野手,右,左
大橋 武尊,DeNA,外野手,左,左
小針 大輝,DeNA,外野手,左,左
度会 隆輝,DeNA,外野手,右,左
筒香 嘉智,DeNA,外野手,右,左
エスコバー,DeNA,投手,左,左
コルデロ,DeNA,投手,左,左
シャッケルフォード,DeNA,投手,右,右
スターリン,DeNA,投手,右,右
ディアス,DeNA,投手,左,左
ピープルズ,DeNA,投手,右,右
ロメロ,DeNA,投手,右,右
伊勢 大夢,DeNA,投手,右,右
加藤 大,DeNA,投手,右,右
笠井 崇正,DeNA,投手,右,右
宮城 滝太,DeNA,投手,右,右
宮國 椋丞,DeNA,投手,右,右
京山 将弥,DeNA,投手,右,右
今永 昇太,DeNA,投手,左,左
砂田 毅樹,DeNA,投手,左,左
坂本 裕哉,DeNA,投手,左,左
阪口 皓亮,DeNA,投手,右,左
三上 朋也,DeNA,投手,右,右
三嶋 一輝,DeNA,投手,右,両
山﨑 康晃,DeNA,投手,右,右
勝又 温史,DeNA,投手,右,左
松本 隆之介,DeNA,投手,左,左
上茶谷 大河,DeNA,投手,右,右
進藤 拓也,DeNA,投手,右,右
石川 達也,DeNA,投手,左,右
石田 健大,DeNA,投手,左,左
浅田 将汰,DeNA,投手,右,右
大貫 晋一,DeNA,投手,右,右
池谷 蒼大,DeNA,投手,左,左
中川 虎大,DeNA,投手,右,右
田中 健二朗,DeNA,投手,左,左
東 克樹,DeNA,投手,左,左
入江 大生,DeNA,投手,右,右
飯塚 悟史,DeNA,投手,右,左
武藤 祐太,DeNA,投手,右,右
風張 蓮,DeNA,投手,右,右
平田 真吾,DeNA,投手,右,右
平良 拳太郎,DeNA,投手,右,右
有吉 優樹,DeNA,投手,右,右
櫻井 周斗,DeNA,投手,左,左
齋藤 俊介,DeNA,投手,右,右
濵口 遥大,DeNA,投手,左,左
髙田 琢登,DeNA,投手,左,左
ガゼルマン,DeNA,投手,右,右
クリスキー,DeNA,投手,右,右
マルセリーノ,DeNA,投手,右,右
三浦 銀二,DeNA,投手,右,右
小園 健太,DeNA,投手,右,右
森原 康平,DeNA,投手,右,左
深沢 鳳介,DeNA,投手,右,右
徳山 壮磨,DeNA,投手,右,右
ウィック,DeNA,投手,右,左
ケイ,DeNA,投手,左,左
ジャクソン,DeNA,投手,右,右
吉岡 暖,DeNA,投手,右,右
吉野 光樹,DeNA,投手,右,右
橋本 達弥,DeNA,投手,右,右
金渕 光希,DeNA,投手,左,左
今野 瑠斗,DeNA,投手,右,右
坂口 翔颯,DeNA,投手,右,右
篠木 健太郎,DeNA,投手,右,左
若松 尚輝,DeNA,投手,右,右
庄司 陽斗,DeNA,投手,左,左
松本 凌人,DeNA,投手,右,右
森下 瑠大,DeNA,投手,左,左
清水 麻成,DeNA,投手,右,右
石田 裕太郎,DeNA,投手,右,右
草野 陽斗,DeNA,投手,右,右
竹田 祐,DeNA,投手,右,右
武田 陸玖,DeNA,投手,左,左
颯,DeNA,投手,右,左
ソト,DeNA,内野手,右,右
デラロサ,DeNA,内野手,右,両
伊藤 裕季也,DeNA,内野手,右,右
宮﨑 敏郎,DeNA,内野手,右,右
山下 幸輝,DeNA,内野手,右,左
柴田 竜拓,DeNA,内野手,右,左
小深田 大地,DeNA,内野手,右,左
森 敬斗,DeNA,内野手,右,左
倉本 寿彦,DeNA,内野手,右,左
大和,DeNA,内野手,右,右
知野 直人,DeNA,内野手,右,右
中井 大介,DeNA,内野手,右,右
田中 俊太,DeNA,内野手,右,左
田部 隼人,DeNA,内野手,右,右
牧 秀悟,DeNA,内野手,右,右
粟飯原 龍之介,DeNA,内野手,右,左
藤田 一也,DeNA,内野手,右,左
フォード,DeNA,内野手,右,左
井上 絢登,DeNA,内野手,右,左
加藤 響,DeNA,内野手,右,右
高見澤 郁魅,DeNA,内野手,右,左
小笠原 蒼,DeNA,内野手,右,左
石上 泰輝,DeNA,内野手,右,左
田内 真翔,DeNA,内野手,右,右
林 琢真,DeNA,内野手,右,左
蓮,DeNA,内野手,右,右
伊藤 光,DeNA,捕手,右,右
益子 京右,DeNA,捕手,右,右
戸柱 恭孝,DeNA,捕手,右,左
山本 祐大,DeNA,捕手,右,右
東妻 純平,DeNA,捕手,右,右
嶺井 博希,DeNA,捕手,右,右
髙城 俊人,DeNA,捕手,右,右
東出 直也,DeNA,捕手,右,右
近藤 大雅,DeNA,捕手,右,右
松尾 汐恩,DeNA,捕手,右,右
上甲 凌大,DeNA,捕手,右,左
T-岡田,オリックス,外野手,左,左
ジョーンズ,オリックス,外野手,右,右
モヤ,オリックス,外野手,右,左
吉田 正尚,オリックス,外野手,右,左
元 謙太,オリックス,外野手,右,右
後藤 駿太,オリックス,外野手,右,左
佐藤 優悟,オリックス,外野手,右,右
佐野 如一,オリックス,外野手,右,左
佐野 皓大,オリックス,外野手,右,両
宗 佑磨,オリックス,外野手,右,左
小田 裕也,オリックス,外野手,右,左
杉本 裕太郎,オリックス,外野手,右,右
西浦 颯大,オリックス,外野手,右,左
西村 凌,オリックス,外野手,右,右
田城 飛翔,オリックス,外野手,右,左
平野 大和,オリックス,外野手,右,右
来田 涼斗,オリックス,外野手,右,左
トーマス,オリックス,外野手,右,左
山中 尭之,オリックス,外野手,右,右
寺本 聖一,オリックス,外野手,右,左
杉澤 龍,オリックス,外野手,右,左
池田 陵真,オリックス,外野手,右,右
茶野 篤政,オリックス,外野手,右,左
渡部 遼人,オリックス,外野手,左,左
麦谷 祐介,オリックス,外野手,右,左
オリバレス,オリックス,外野手,右,右
K-鈴木,オリックス,投手,右,右
スパークマン,オリックス,投手,右,右
バルガス,オリックス,投手,右,右
ヒギンス,オリックス,投手,右,右
阿部 翔太,オリックス,投手,右,左
宇田川 優希,オリックス,投手,右,右
海田 智行,オリックス,投手,左,左
吉田 一将,オリックス,投手,右,左
吉田 凌,オリックス,投手,右,右
宮城 大弥,オリックス,投手,左,左
近藤 大亮,オリックス,投手,右,右
金田 和之,オリックス,投手,右,右
荒西 祐大,オリックス,投手,右,右
黒木 優太,オリックス,投手,右,左
佐藤 一磨,オリックス,投手,左,左
榊原 翼,オリックス,投手,右,右
山岡 泰輔,オリックス,投手,右,左
山下 舜平大,オリックス,投手,右,右
山田 修義,オリックス,投手,左,左
山本 由伸,オリックス,投手,右,右
山﨑 福也,オリックス,投手,左,左
山﨑 颯一郎,オリックス,投手,右,右
漆原 大晟,オリックス,投手,右,左
松山 真之,オリックス,投手,右,右
神戸 文也,オリックス,投手,右,右
川瀬 堅斗,オリックス,投手,右,右
前 佑囲斗,オリックス,投手,右,右
増井 浩俊,オリックス,投手,右,右
村西 良太,オリックス,投手,右,左
谷岡 楓太,オリックス,投手,右,右
竹安 大知,オリックス,投手,右,右
中川 颯,オリックス,投手,右,左
中田 惟斗,オリックス,投手,右,右
張 奕,オリックス,投手,右,右
辻垣 高良,オリックス,投手,左,左
田嶋 大樹,オリックス,投手,左,左
東 晃平,オリックス,投手,右,右
能見 篤史,オリックス,投手,左,左
飯田 優也,オリックス,投手,左,左
比嘉 幹貴,オリックス,投手,右,右
富山 凌雅,オリックス,投手,左,左
平野 佳寿,オリックス,投手,右,右
本田 仁海,オリックス,投手,右,左
鈴木 優,オリックス,投手,右,右
澤田 圭佑,オリックス,投手,右,左
齋藤 綱記,オリックス,投手,左,左
エスピノーザ,オリックス,投手,右,右
カスティーヨ,オリックス,投手,右,右
マチャド,オリックス,投手,右,右
芦田 丈飛,オリックス,投手,右,右
横山 楓,オリックス,投手,右,両
河内 康介,オリックス,投手,右,右
宮國 凌空,オリックス,投手,右,右
権田 琉成,オリックス,投手,右,右
古田島 成龍,オリックス,投手,右,右
才木 海翔,オリックス,投手,右,右
寿賀 弘都,オリックス,投手,左,左
小木田 敦也,オリックス,投手,右,右
曽谷 龍平,オリックス,投手,左,左
大江 海透,オリックス,投手,左,左
東松 快征,オリックス,投手,左,左
入山 海斗,オリックス,投手,右,右
博志,オリックス,投手,右,右
椋木 蓮,オリックス,投手,右,右
齋藤 響介,オリックス,投手,右,右
髙島 泰都,オリックス,投手,右,右
乾 健斗,オリックス,投手,右,右
山口 廉王,オリックス,投手,右,右
寺西 成騎,オリックス,投手,右,右
上原 堆我,オリックス,投手,右,右
陳 睦衡,オリックス,投手,右,左
東山 玲士,オリックス,投手,右,右
片山 楽生,オリックス,投手,右,左
ラベロ,オリックス,内野手,右,右
安達 了一,オリックス,内野手,右,右
岡﨑 大輔,オリックス,内野手,右,左
宜保 翔,オリックス,内野手,右,左
古長 拓,オリックス,内野手,右,右
紅林 弘太郎,オリックス,内野手,右,右
山足 達也,オリックス,内野手,右,右
勝俣 翔貴,オリックス,内野手,右,左
西野 真弘,オリックス,内野手,右,左
太田 椋,オリックス,内野手,右,右
大下 誠一郎,オリックス,内野手,右,右
大城 滉二,オリックス,内野手,右,右
中川 圭太,オリックス,内野手,右,右
福田 周平,オリックス,内野手,右,左
廣澤 伸哉,オリックス,内野手,右,右
ゴンザレス,オリックス,内野手,右,両
横山 聖哉,オリックス,内野手,右,左
河野 聡太,オリックス,内野手,右,左
今坂 幸暉,オリックス,内野手,右,左
清水 武蔵,オリックス,内野手,右,右
大里 昂生,オリックス,内野手,右,左
内藤 鵬,オリックス,内野手,右,右
野口 智哉,オリックス,内野手,右,左
デール,オリックス,内野手,右,右
フェリペ,オリックス,捕手,右,右
稲富 宏樹,オリックス,捕手,右,左
若月 健矢,オリックス,捕手,右,右
松井 雅人,オリックス,捕手,右,左
中川 拓真,オリックス,捕手,右,右
釣 寿生,オリックス,捕手,右,右
鶴見 凌也,オリックス,捕手,右,右
頓宮 裕真,オリックス,捕手,右,右
伏見 寅威,オリックス,捕手,右,右
山中 稜真,オリックス,捕手,右,左
村上 喬一朗,オリックス,捕手,右,右
田島 光祐,オリックス,捕手,右,右
福永 奨,オリックス,捕手,右,右
堀 柊那,オリックス,捕手,右,右
アルバレス,ソフトバンク,外野手,右,右
デスパイネ,ソフトバンク,外野手,右,右
釜元 豪,ソフトバンク,外野手,右,左
佐藤 直樹,ソフトバンク,外野手,右,右
笹川 吉康,ソフトバンク,外野手,左,左
舟越 秀虎,ソフトバンク,外野手,右,右
上林 誠知,ソフトバンク,外野手,右,左
真砂 勇介,ソフトバンク,外野手,右,右
水谷 瞬,ソフトバンク,外野手,右,右
早 真之介,ソフトバンク,外野手,左,左
中村 宜聖,ソフトバンク,外野手,右,右
中村 晃,ソフトバンク,外野手,左,左
中谷 将大,ソフトバンク,外野手,右,右
柳町 達,ソフトバンク,外野手,右,左
柳田 悠岐,ソフトバンク,外野手,右,左
オスーナ,ソフトバンク,外野手,右,右
シモン,ソフトバンク,外野手,右,右
漁府 輝羽,ソフトバンク,外野手,右,右
佐藤 航太,ソフトバンク,外野手,右,右
山本 恵大,ソフトバンク,外野手,右,左
重松 凱人,ソフトバンク,外野手,右,右
正木 智也,ソフトバンク,外野手,右,右
生海,ソフトバンク,外野手,右,左
川村 友斗,ソフトバンク,外野手,右,左
大泉 周也,ソフトバンク,外野手,左,左
木下 勇人,ソフトバンク,外野手,右,左
サファテ,ソフトバンク,投手,右,右
スチュワート・ジュニア,ソフトバンク,投手,右,右
マルティネス,ソフトバンク,投手,右,左
モイネロ,ソフトバンク,投手,左,左
ロドリゲス,ソフトバンク,投手,右,右
奥村 政稔,ソフトバンク,投手,右,右
岡本 直也,ソフトバンク,投手,左,左
嘉弥真 新也,ソフトバンク,投手,左,左
笠谷 俊介,ソフトバンク,投手,左,左
岩嵜 翔,ソフトバンク,投手,右,右
吉住 晴斗,ソフトバンク,投手,右,右
桑原 秀侍,ソフトバンク,投手,右,右
古谷 優人,ソフトバンク,投手,左,左
甲斐野 央,ソフトバンク,投手,右,左
高橋 礼,ソフトバンク,投手,右,右
佐藤 宏樹,ソフトバンク,投手,左,左
重田 倫明,ソフトバンク,投手,右,右
松本 裕樹,ソフトバンク,投手,右,左
森 唯斗,ソフトバンク,投手,右,右
杉山 一樹,ソフトバンク,投手,右,右
石川 柊太,ソフトバンク,投手,右,右
千賀 滉大,ソフトバンク,投手,右,左
川原 弘之,ソフトバンク,投手,左,左
泉 圭輔,ソフトバンク,投手,右,右
村上 舜,ソフトバンク,投手,左,左
大関 友久,ソフトバンク,投手,左,左
大城 真乃,ソフトバンク,投手,左,左
大竹 耕太郎,ソフトバンク,投手,左,左
中村 亮太,ソフトバンク,投手,右,右
中道 佑哉,ソフトバンク,投手,左,左
津森 宥紀,ソフトバンク,投手,右,右
椎野 新,ソフトバンク,投手,右,右
田浦 文丸,ソフトバンク,投手,左,左
田上 奏大,ソフトバンク,投手,右,左
田中 正義,ソフトバンク,投手,右,右
渡邉 雄大,ソフトバンク,投手,左,左
東浜 巨,ソフトバンク,投手,右,右
板東 湧梧,ソフトバンク,投手,右,右
尾形 崇斗,ソフトバンク,投手,右,左
武田 翔太,ソフトバンク,投手,右,右
和田 毅,ソフトバンク,投手,左,左
髙橋 純平,ソフトバンク,投手,右,右
アルメンタ,ソフトバンク,投手,左,左
サルディ,ソフトバンク,投手,左,左
ハモンド,ソフトバンク,投手,右,右
フェリックス,ソフトバンク,投手,右,右
ヘルナンデス,ソフトバンク,投手,左,左
井﨑 燦志郎,ソフトバンク,投手,右,右
岡植 純平,ソフトバンク,投手,右,右
加藤 洸稀,ソフトバンク,投手,左,左
岩井 俊介,ソフトバンク,投手,右,右
宮里 優吾,ソフトバンク,投手,右,右
宮﨑 颯,ソフトバンク,投手,左,左
佐々木 明都,ソフトバンク,投手,右,右
山崎 琢磨,ソフトバンク,投手,右,左
松本 晴,ソフトバンク,投手,左,左
水口 創太,ソフトバンク,投手,右,右
星野 恒太朗,ソフトバンク,投手,右,右
赤羽 蓮,ソフトバンク,投手,右,右
前田 純,ソフトバンク,投手,左,左
前田 悠伍,ソフトバンク,投手,左,左
村田 賢一,ソフトバンク,投手,右,右
大山 凌,ソフトバンク,投手,右,右
大竹 風雅,ソフトバンク,投手,右,左
大津 亮介,ソフトバンク,投手,右,左
大野 稼頭央,ソフトバンク,投手,左,左
瀧本 将生,ソフトバンク,投手,右,右
長水 啓眞,ソフトバンク,投手,左,左
長谷川 威展,ソフトバンク,投手,左,左
渡邊 佑樹,ソフトバンク,投手,左,左
藤井 皓哉,ソフトバンク,投手,右,左
藤原 大翔,ソフトバンク,投手,右,右
藤田 淳平,ソフトバンク,投手,左,左
内野 海斗,ソフトバンク,投手,右,右
飛田 悠成,ソフトバンク,投手,右,左
風間 球打,ソフトバンク,投手,右,左
木村 光,ソフトバンク,投手,右,左
木村 大成,ソフトバンク,投手,左,左
有原 航平,ソフトバンク,投手,右,右
澤柳 亮太郎,ソフトバンク,投手,右,右
安德 駿,ソフトバンク,投手,右,右
塩士 暖,ソフトバンク,投手,右,右
岡田 皓一朗,ソフトバンク,投手,右,右
河野 伸一朗,ソフトバンク,投手,左,左
岩崎 峻典,ソフトバンク,投手,右,右
熊谷 太雅,ソフトバンク,投手,左,左
川口 冬弥,ソフトバンク,投手,右,右
相原 雄太,ソフトバンク,投手,右,右
村上 泰斗,ソフトバンク,投手,右,両
張 峻ウェイ,ソフトバンク,投手,右,右
津嘉山 憲志郎,ソフトバンク,投手,右,右
グラシアル,ソフトバンク,内野手,右,右
リチャード,ソフトバンク,内野手,右,右
伊藤 大将,ソフトバンク,内野手,右,右
井上 朋也,ソフトバンク,内野手,右,右
荒木 翔太,ソフトバンク,内野手,右,右
黒瀬 健太,ソフトバンク,内野手,右,右
今宮 健太,ソフトバンク,内野手,右,右
三森 大貴,ソフトバンク,内野手,右,左
周東 佑京,ソフトバンク,内野手,右,左
緒方 理貢,ソフトバンク,内野手,右,左
勝連 大稀,ソフトバンク,内野手,右,左
小林 珠維,ソフトバンク,内野手,右,右
松田 宣浩,ソフトバンク,内野手,右,右
川原田 純平,ソフトバンク,内野手,右,右
川瀬 晃,ソフトバンク,内野手,右,左
川島 慶三,ソフトバンク,内野手,右,右
増田 珠,ソフトバンク,内野手,右,右
牧原 大成,ソフトバンク,内野手,右,左
明石 健志,ソフトバンク,内野手,右,左
野村 大樹,ソフトバンク,内野手,右,右
髙田 知季,ソフトバンク,内野手,右,左
アルモンテ,ソフトバンク,内野手,右,右
イヒネ イツア,ソフトバンク,内野手,右,左
ダウンズ,ソフトバンク,内野手,右,右
宇野 真仁朗,ソフトバンク,内野手,右,右
広瀬 結煌,ソフトバンク,内野手,右,右
佐久間 拓斗,ソフトバンク,内野手,右,右
佐倉 侠史朗,ソフトバンク,内野手,右,左
三代 祥貴,ソフトバンク,内野手,右,右
山下 恭吾,ソフトバンク,内野手,右,右
庄子 雄大,ソフトバンク,内野手,右,左
西尾 歩真,ソフトバンク,内野手,右,左
石見 颯真,ソフトバンク,内野手,右,左
曽布川 ザイレン,ソフトバンク,内野手,右,右
中澤 恒貴,ソフトバンク,内野手,右,右
藤野 恵音,ソフトバンク,内野手,右,右
野村 勇,ソフトバンク,内野手,右,右
廣瀨 隆太,ソフトバンク,内野手,右,右
ザイレン,ソフトバンク,内野手,右,右
海野 隆司,ソフトバンク,捕手,右,右
居谷 匠真,ソフトバンク,捕手,右,右
九鬼 隆平,ソフトバンク,捕手,右,右
栗原 陵矢,ソフトバンク,捕手,右,左
甲斐 拓也,ソフトバンク,捕手,右,右
石塚 綜一郎,ソフトバンク,捕手,右,右
谷川原 健太,ソフトバンク,捕手,右,左
渡邉 陸,ソフトバンク,捕手,右,左
牧原 巧汰,ソフトバンク,捕手,右,左
髙谷 裕亮,ソフトバンク,捕手,右,左
加藤 晴空,ソフトバンク,捕手,右,左
盛島 稜大,ソフトバンク,捕手,右,右
大友 宗,ソフトバンク,捕手,右,右
藤田 悠太郎,ソフトバンク,捕手,右,右
キブレハン,ヤクルト,外野手,右,
並木 秀尊,ヤクルト,外野手,右,右
サンタナ,ヤクルト,外野手,右,右
モイセエフ ニキータ,ヤクルト,外野手,左,左
塩見 泰隆,ヤクルト,外野手,右,右
丸山 和郁,ヤクルト,外野手,左,左
岩田 幸宏,ヤクルト,外野手,左,左
山崎 晃大朗,ヤクルト,外野手,左,左
青木 宣親,ヤクルト,外野手,右,左
澤井 廉,ヤクルト,外野手,左,左
濱田 太貴,ヤクルト,外野手,右,右
コール,ヤクルト,投手,右,右
サイスニード,ヤクルト,投手,右,右
奥川 恭伸,ヤクルト,投手,右,右
下 慎之介,ヤクルト,投手,左,左
嘉手苅 浩太,ヤクルト,投手,右,右
丸山 翔大,ヤクルト,投手,右,左
久保 拓眞,ヤクルト,投手,左,左
宮台 康平,ヤクルト,投手,左,左
近藤 弘樹,ヤクルト,投手,右,右
金久保 優斗,ヤクルト,投手,右,左
原 樹理,ヤクルト,投手,右,右
高橋 奎二,ヤクルト,投手,左,左
高梨 裕稔,ヤクルト,投手,右,右
今野 龍太,ヤクルト,投手,右,右
山下 輝,ヤクルト,投手,左,左
寺島 成輝,ヤクルト,投手,左,左
柴田 大地,ヤクルト,投手,右,右
小澤 怜史,ヤクルト,投手,右,左
清水 昇,ヤクルト,投手,右,左
石山 泰稚,ヤクルト,投手,右,右
石川 雅規,ヤクルト,投手,左,左
大下 佑馬,ヤクルト,投手,右,左
大西 広樹,ヤクルト,投手,右,右
竹山 日向,ヤクルト,投手,右,右
長谷川 宙輝,ヤクルト,投手,左,左
鈴木 裕太,ヤクルト,投手,右,右
エスパーダ,ヤクルト,投手,右,右
吉村 貢司郎,ヤクルト,投手,右,右
佐藤 琢磨,ヤクルト,投手,左,左
坂本 拓己,ヤクルト,投手,左,左
山野 太一,ヤクルト,投手,左,左
小川 泰弘,ヤクルト,投手,右,右
松本 健吾,ヤクルト,投手,右,右
星 知弥,ヤクルト,投手,右,右
西舘 昂汰,ヤクルト,投手,右,右
石原 勇輝,ヤクルト,投手,左,左
田口 麗斗,ヤクルト,投手,左,左
木澤 尚文,ヤクルト,投手,右,右
鈴木 康平,ヤクルト,投手,右,右
翔聖,ヤクルト,投手,右,右
アビラ,ヤクルト,投手,右,右
バウマン,ヤクルト,投手,右,右
ランバート,ヤクルト,投手,右,右
下川 隼佑,ヤクルト,投手,右,右
荘司 宏太,ヤクルト,投手,左,左
中村 優斗,ヤクルト,投手,右,左
廣澤 優,ヤクルト,投手,右,右
オスナ,ヤクルト,内野手,右,右
奥村 展征,ヤクルト,内野手,右,左
吉田 大成,ヤクルト,内野手,右,左
宮本 丈,ヤクルト,内野手,右,左
元山 飛優,ヤクルト,内野手,右,左
荒木 貴裕,ヤクルト,内野手,右,右
山田 哲人,ヤクルト,内野手,右,右
小森 航大郎,ヤクルト,内野手,右,右
松本 友,ヤクルト,内野手,右,左
西浦 直亨,ヤクルト,内野手,右,右
赤羽 由紘,ヤクルト,内野手,右,右
川端 慎吾,ヤクルト,内野手,右,左
村上 宗隆,ヤクルト,内野手,右,左
太田 賢吾,ヤクルト,内野手,右,左
長岡 秀樹,ヤクルト,内野手,右,左
内川 聖一,ヤクルト,内野手,右,右
武岡 龍世,ヤクルト,内野手,右,左
伊藤 琉偉,ヤクルト,内野手,右,右
根岸 辰昇,ヤクルト,内野手,左,左
西村 瑠伊斗,ヤクルト,内野手,右,左
田中 陽翔,ヤクルト,内野手,右,左
北村 恵吾,ヤクルト,内野手,右,右
茂木 栄五郎,ヤクルト,内野手,右,左
澤野 聖悠,ヤクルト,内野手,右,左
髙野 颯太,ヤクルト,内野手,右,右
古賀 優大,ヤクルト,捕手,右,右
松井 聖,ヤクルト,捕手,右,左
松本 直樹,ヤクルト,捕手,右,右
西田 明央,ヤクルト,捕手,右,右
中村 悠平,ヤクルト,捕手,右,右
嶋 基宏,ヤクルト,捕手,右,右
内山 壮真,ヤクルト,捕手,右,右
内山 太嗣,ヤクルト,捕手,右,右
橋本 星哉,ヤクルト,捕手,右,左
松本 龍之介,ヤクルト,捕手,右,右
矢野 泰二郎,ヤクルト,捕手,右,右
鈴木 叶,ヤクルト,捕手,右,右
サントス,ロッテ,外野手,右,右
ペラルタ,ロッテ,外野手,右,両
マーティン,ロッテ,外野手,右,左
岡 大海,ロッテ,外野手,右,右
荻野 貴司,ロッテ,外野手,右,右
角中 勝也,ロッテ,外野手,右,左
山口 航輝,ロッテ,外野手,右,右
山本 大斗,ロッテ,外野手,右,右
菅野 剛士,ロッテ,外野手,右,左
西川 僚祐,ロッテ,外野手,右,右
藤原 恭大,ロッテ,外野手,左,左
福田 秀平,ロッテ,外野手,右,左
和田 康士朗,ロッテ,外野手,左,左
髙部 瑛斗,ロッテ,外野手,右,左
西川 史礁,ロッテ,外野手,右,右
藤田 和樹,ロッテ,外野手,右,左
髙野 光海,ロッテ,外野手,右,右
アセベド,ロッテ,外野手,右,右
アコスタ,ロッテ,投手,右,右
ハーマン,ロッテ,投手,右,左
フローレス,ロッテ,投手,右,右
永野 将司,ロッテ,投手,左,左
益田 直也,ロッテ,投手,右,右
横山 陸人,ロッテ,投手,右,右
河村 説人,ロッテ,投手,右,右
岩下 大輝,ロッテ,投手,右,右
原 嵩,ロッテ,投手,右,右
古谷 拓郎,ロッテ,投手,右,右
国吉 佑樹,ロッテ,投手,右,右
佐々木 千隼,ロッテ,投手,右,右
佐々木 朗希,ロッテ,投手,右,右
佐藤 奨真,ロッテ,投手,左,左
山本 大貴,ロッテ,投手,左,左
種市 篤暉,ロッテ,投手,右,右
小沼 健太,ロッテ,投手,右,右
小島 和哉,ロッテ,投手,左,左
小野 郁,ロッテ,投手,右,右
松永 昂大,ロッテ,投手,左,左
森 遼大朗,ロッテ,投手,右,左
成田 翔,ロッテ,投手,左,左
西野 勇士,ロッテ,投手,右,右
石崎 剛,ロッテ,投手,右,右
石川 歩,ロッテ,投手,右,右
大嶺 祐太,ロッテ,投手,右,左
中森 俊介,ロッテ,投手,右,左
中村 稔弥,ロッテ,投手,左,左
田中 靖洋,ロッテ,投手,右,右
土居 豪人,ロッテ,投手,右,右
土肥 星也,ロッテ,投手,左,左
唐川 侑己,ロッテ,投手,右,右
東妻 勇輔,ロッテ,投手,右,右
東條 大樹,ロッテ,投手,右,右
南 昌輝,ロッテ,投手,右,右
二木 康太,ロッテ,投手,右,右
美馬 学,ロッテ,投手,右,左
本前 郁也,ロッテ,投手,左,左
鈴木 昭汰,ロッテ,投手,左,左
カイケル,ロッテ,投手,左,左
ダイクストラ,ロッテ,投手,右,左
フェルナンデス,ロッテ,投手,右,右
永島田 輝斗,ロッテ,投手,右,右
菊地 吏玖,ロッテ,投手,右,左
吉川 悠斗,ロッテ,投手,左,左
高野 脩汰,ロッテ,投手,左,左
坂本 光士郎,ロッテ,投手,左,左
秋山 正雲,ロッテ,投手,左,左
早坂 響,ロッテ,投手,右,右
大谷 輝龍,ロッテ,投手,右,右
田中 晴也,ロッテ,投手,右,左
田中 楓基,ロッテ,投手,右,右
白濱 快起,ロッテ,投手,右,右
八木 彬,ロッテ,投手,右,右
武内 涼太,ロッテ,投手,右,右
木村 優人,ロッテ,投手,右,左
廣畑 敦也,ロッテ,投手,右,右
澤村 拓一,ロッテ,投手,右,右
サモンズ,ロッテ,投手,左,左
パラシオス,ロッテ,投手,右,右
ボス,ロッテ,投手,右,右
一條 力真,ロッテ,投手,右,左
茨木 佑太,ロッテ,投手,右,右
坂井 遼,ロッテ,投手,右,右
長島 幸佑,ロッテ,投手,右,右
廣池 康志郎,ロッテ,投手,右,左
エチェバリア,ロッテ,内野手,右,右
レアード,ロッテ,内野手,右,右
安田 尚憲,ロッテ,内野手,右,左
井上 晴哉,ロッテ,内野手,右,右
三木 亮,ロッテ,内野手,右,右
小窪 哲也,ロッテ,内野手,右,右
小川 龍成,ロッテ,内野手,右,左
松田 進,ロッテ,内野手,右,右
西巻 賢二,ロッテ,内野手,右,右
茶谷 健太,ロッテ,内野手,右,右
中村 奨吾,ロッテ,内野手,右,右
鳥谷 敬,ロッテ,内野手,右,左
藤岡 裕大,ロッテ,内野手,右,左
福田 光輝,ロッテ,内野手,右,左
平沢 大河,ロッテ,内野手,右,左
髙濱 卓也,ロッテ,内野手,右,左
宮崎 竜成,ロッテ,内野手,右,左
金田 優太,ロッテ,内野手,右,左
黒川 凱星,ロッテ,内野手,右,右
勝又 琉偉,ロッテ,内野手,右,右
松石 信八,ロッテ,内野手,右,右
上田 希由翔,ロッテ,内野手,右,左
谷村 剛,ロッテ,内野手,右,左
池田 来翔,ロッテ,内野手,右,右
友杉 篤輝,ロッテ,内野手,右,右
立松 由宇,ロッテ,内野手,右,左
加藤 匠馬,ロッテ,捕手,右,右
柿沼 友哉,ロッテ,捕手,右,右
吉田 裕太,ロッテ,捕手,右,右
江村 直也,ロッテ,捕手,右,右
佐藤 都志也,ロッテ,捕手,右,左
宗接 唯人,ロッテ,捕手,右,右
植田 将太,ロッテ,捕手,右,右
谷川 唯人,ロッテ,捕手,右,右
田村 龍弘,ロッテ,捕手,右,右
寺地 隆成,ロッテ,捕手,右,左
松川 虎生,ロッテ,捕手,右,右
村山 亮介,ロッテ,捕手,右,右
富山 紘之進,ロッテ,捕手,右,右
岡島 豪郎,楽天,外野手,右,左
吉納 翼,楽天,外野手,右,左
吉野 創士,楽天,外野手,右,右
小郷 裕哉,楽天,外野手,右,左
前田 銀治,楽天,外野手,右,右
大河原 翔,楽天,外野手,右,右
辰己 涼介,楽天,外野手,右,左
中島 大輔,楽天,外野手,右,左
田中 和基,楽天,外野手,右,両
島内 宏明,楽天,外野手,左,左
武藤 敦貴,楽天,外野手,左,左
柳澤 大空,楽天,外野手,右,右
ターリー,楽天,投手,左,左
ポンセ,楽天,投手,右,右
ヤフーレ,楽天,投手,右,両
王 彦程,楽天,投手,左,左
岸 孝之,楽天,投手,右,右
吉川 雄大,楽天,投手,右,右
宮森 智志,楽天,投手,右,右
弓削 隼人,楽天,投手,左,左
古賀 康誠,楽天,投手,左,左
古謝 樹,楽天,投手,左,左
高田 孝一,楽天,投手,右,右
坂井 陽翔,楽天,投手,右,右
酒居 知史,楽天,投手,右,右
小孫 竜二,楽天,投手,右,右
小峯 新陸,楽天,投手,右,左
松井 友飛,楽天,投手,右,右
松田 啄磨,楽天,投手,右,右
辛島 航,楽天,投手,左,左
西垣 雅矢,楽天,投手,右,左
西口 直人,楽天,投手,右,右
宋 家豪,楽天,投手,右,左
早川 隆久,楽天,投手,左,左
荘司 康誠,楽天,投手,右,右
則本 昂大,楽天,投手,右,左
泰 勝利,楽天,投手,左,右
大内 誠弥,楽天,投手,右,右
瀧中 瞭太,楽天,投手,右,右
竹下 瑛広,楽天,投手,右,右
津留﨑 大成,楽天,投手,右,右
渡辺 翔太,楽天,投手,右,右
藤井 聖,楽天,投手,左,左
藤平 尚真,楽天,投手,右,右
内 星龍,楽天,投手,右,左
日當 直喜,楽天,投手,右,右
林 優樹,楽天,投手,左,左
鈴木 翔天,楽天,投手,左,左
フランコ,楽天,内野手,右,右
ワォーターズ 璃海ジュミル,楽天,内野手,右,右
永田 颯太郎,楽天,内野手,右,左
岸本 佑也,楽天,内野手,右,右
黒川 史陽,楽天,内野手,右,左
山﨑 剛,楽天,内野手,右,左
宗山 塁,楽天,内野手,右,左
小深田 大翔,楽天,内野手,右,左
青野 拓海,楽天,内野手,右,右
浅村 栄斗,楽天,内野手,右,右
村林 一輝,楽天,内野手,右,右
辰見 鴻之介,楽天,内野手,右,右
渡邊 佳明,楽天,内野手,右,左
入江 大樹,楽天,内野手,右,右
平良 竜哉,楽天,内野手,右,右
陽 柏翔,楽天,内野手,右,左
鈴木 大地,楽天,内野手,右,左
安田 悠馬,楽天,捕手,右,左
江川 侑斗,楽天,捕手,右,右
水上 桂,楽天,捕手,右,右
石原 彪,楽天,捕手,右,右
太田 光,楽天,捕手,右,右
田中 貴也,楽天,捕手,右,左
堀内 謙伍,楽天,捕手,右,左
ティマ,巨人,外野手,右,右
ハイネマン,巨人,外野手,右,右
伊藤 海斗,巨人,外野手,左,左
加藤 壮太,巨人,外野手,右,左
梶谷 隆幸,巨人,外野手,右,左
丸 佳浩,巨人,外野手,右,左
亀井 善行,巨人,外野手,右,左
山下 航汰,巨人,外野手,右,左
重信 慎之介,巨人,外野手,右,左
松原 聖弥,巨人,外野手,右,左
石川 慎吾,巨人,外野手,右,右
八百板 卓丸,巨人,外野手,右,左
保科 広一,巨人,外野手,左,左
陽 岱鋼,巨人,外野手,右,右
立岡 宗一郎,巨人,外野手,右,左
ウォーカー,巨人,外野手,右,右
ポランコ,巨人,外野手,左,左
岡田 悠希,巨人,外野手,右,左
笹原 操希,巨人,外野手,右,右
鈴木 大和,巨人,外野手,右,右
オコエ 瑠偉,巨人,外野手,右,右
キャベッジ,巨人,外野手,右,左
フェリス,巨人,外野手,左,左
フルプ,巨人,外野手,右,右
佐々木 俊輔,巨人,外野手,右,左
三塚 琉生,巨人,外野手,左,左
浅野 翔吾,巨人,外野手,右,右
大城 元,巨人,外野手,右,右
萩尾 匡也,巨人,外野手,右,右
平山 功太,巨人,外野手,右,右
サンチェス,巨人,投手,右,両
ダニエル・ミサキ,巨人,投手,右,左
ビエイラ,巨人,投手,右,右
メルセデス,巨人,投手,左,両
阿部 剣友,巨人,投手,左,左
伊藤 優輔,巨人,投手,右,右
井上 温大,巨人,投手,左,左
井納 翔一,巨人,投手,右,右
横川 凱,巨人,投手,左,左
笠島 尚樹,巨人,投手,右,右
鍬原 拓也,巨人,投手,右,右
鍵谷 陽平,巨人,投手,右,右
古川 侑利,巨人,投手,右,右
戸郷 翔征,巨人,投手,右,右
戸根 千明,巨人,投手,左,左
戸田 懐生,巨人,投手,右,右
高木 京介,巨人,投手,左,左
高梨 雄平,巨人,投手,左,左
今村 信貴,巨人,投手,左,左
桜井 俊貴,巨人,投手,右,右
山口 俊,巨人,投手,右,右
山崎 伊織,巨人,投手,右,左
山川 和大,巨人,投手,右,左
山本 一輝,巨人,投手,左,左
山﨑 友輔,巨人,投手,右,右
沼田 翔平,巨人,投手,右,右
菅野 智之,巨人,投手,右,右
太田 龍,巨人,投手,右,右
大江 竜聖,巨人,投手,左,左
大竹 寛,巨人,投手,右,右
谷岡 竜平,巨人,投手,右,右
中川 皓太,巨人,投手,左,左
直江 大輔,巨人,投手,右,右
田中 豊樹,巨人,投手,右,右
田中 優大,巨人,投手,右,右
奈良木 陸,巨人,投手,右,右
畠 世周,巨人,投手,右,左
平井 快青,巨人,投手,右,右
平内 龍太,巨人,投手,右,右
堀岡 隼人,巨人,投手,右,右
堀田 賢慎,巨人,投手,右,右
木下 幹也,巨人,投手,右,右
野上 亮磨,巨人,投手,右,右
與那原 大剛,巨人,投手,右,右
髙橋 優貴,巨人,投手,左,左
アンドリース,巨人,投手,右,右
クロール,巨人,投手,左,左
シューメーカー,巨人,投手,右,右
花田 侑樹,巨人,投手,右,左
鴨打 瑛二,巨人,投手,左,左
菊地 大稀,巨人,投手,右,左
京本 眞,巨人,投手,右,右
山田 龍聖,巨人,投手,左,左
山﨑 伊織,巨人,投手,右,左
石田 隼都,巨人,投手,左,左
赤星 優志,巨人,投手,右,右
川嵜 陽仁,巨人,投手,右,右
代木 大和,巨人,投手,左,左
大勢,巨人,投手,右,右
富田 龍,巨人,投手,左,左
髙田 竜星,巨人,投手,右,右
グズマン,巨人,投手,左,左
グリフィン,巨人,投手,左,左
ケラー,巨人,投手,右,右
バルドナード,巨人,投手,左,左
ルシアーノ,巨人,投手,右,右
園田 純規,巨人,投手,右,右
黄 錦豪,巨人,投手,左,左
吉村 優聖歩,巨人,投手,左,左
宮原 駿介,巨人,投手,左,左
三浦 克也,巨人,投手,左,左
松井 颯,巨人,投手,右,右
森田 駿哉,巨人,投手,左,左
森本 哲星,巨人,投手,左,左
吹田 志道,巨人,投手,右,右
西舘 勇陽,巨人,投手,右,右
西川 歩,巨人,投手,左,左
石田 充冴,巨人,投手,右,右
千葉 隆広,巨人,投手,左,左
船迫 大雅,巨人,投手,右,左
田村 朋輝,巨人,投手,右,右
田中 将大,巨人,投手,右,右
田中 千晴,巨人,投手,右,右
堀江 正太郎,巨人,投手,右,右
又木 鉄平,巨人,投手,左,左
鈴木 圭晋,巨人,投手,右,左
ウィーラー,巨人,内野手,右,右
ウレーニャ,巨人,内野手,右,右
デラクルーズ,巨人,内野手,右,右
岡本 大翔,巨人,内野手,右,右
岡本 和真,巨人,内野手,右,右
加藤 廉,巨人,内野手,右,左
菊田 拡和,巨人,内野手,右,右
吉川 尚輝,巨人,内野手,右,左
香月 一也,巨人,内野手,右,左
黒田 響生,巨人,内野手,右,右
若林 晃弘,巨人,内野手,右,両
秋広 優人,巨人,内野手,右,左
松井 義弥,巨人,内野手,右,左
増田 大輝,巨人,内野手,右,右
増田 陸,巨人,内野手,右,右
中山 礼都,巨人,内野手,右,左
中田 翔,巨人,内野手,右,右
中島 宏之,巨人,内野手,右,右
湯浅 大,巨人,内野手,右,右
平間 隼人,巨人,内野手,右,左
北村 拓己,巨人,内野手,右,右
廣岡 大志,巨人,内野手,右,右
宇都宮 葵星,巨人,内野手,右,左
浦田 俊輔,巨人,内野手,右,左
荒巻 悠,巨人,内野手,右,左
石塚 裕惺,巨人,内野手,右,右
泉口 友汰,巨人,内野手,右,左
相澤 白虎,巨人,内野手,右,右
村山 源,巨人,内野手,右,右
竹下 徠空,巨人,内野手,右,右
中田 歩夢,巨人,内野手,右,右
田上 優弥,巨人,内野手,右,右
北村 流音,巨人,内野手,右,右
門脇 誠,巨人,内野手,右,左
岸田 行倫,巨人,捕手,右,右
喜多 隆介,巨人,捕手,右,右
坂本 勇人,巨人,捕手,右,右
山瀬 慎之助,巨人,捕手,右,右
小林 誠司,巨人,捕手,右,右
前田 研輝,巨人,捕手,右,左
大城 卓三,巨人,捕手,右,左
萩原 哲,巨人,捕手,右,左
亀田 啓太,巨人,捕手,右,右
大津 綾也,巨人,捕手,右,右
坂本 達也,巨人,捕手,右,右
宇草 孔基,広島,外野手,右,左
永井 敦士,広島,外野手,右,右
松山 竜平,広島,外野手,右,左
正隨 優弥,広島,外野手,右,右
西川 龍馬,広島,外野手,右,左
大盛 穂,広島,外野手,右,左
長野 久義,広島,外野手,右,右
木下 元秀,広島,外野手,左,左
野間 峻祥,広島,外野手,右,左
鈴木 誠也,広島,外野手,右,右
髙橋 大樹,広島,外野手,右,右
ファビアン,広島,外野手,右,右
ロベルト,広島,外野手,右,右
久保 修,広島,外野手,右,右
秋山 翔吾,広島,外野手,右,左
中村 貴浩,広島,外野手,右,左
中村 健人,広島,外野手,右,右
田村 俊介,広島,外野手,左,左
末包 昇大,広島,外野手,右,右
名原 典彦,広島,外野手,右,右
アドゥワ 誠,広島,投手,右,右
ケムナ 誠,広島,投手,右,右
コルニエル,広島,投手,右,右
スコット,広島,投手,右,右
ネバラスカス,広島,投手,右,右
バード,広島,投手,左,左
フランスア,広島,投手,左,左
一岡 竜司,広島,投手,右,右
遠藤 淳志,広島,投手,右,右
岡田 明丈,広島,投手,右,左
菊池 保則,広島,投手,右,左
玉村 昇悟,広島,投手,左,左
九里 亜蓮,広島,投手,右,右
栗林 良吏,広島,投手,右,右
戸田 隆矢,広島,投手,左,左
行木 俊,広島,投手,右,右
高橋 昂也,広島,投手,左,左
高橋 樹也,広島,投手,左,左
今村 猛,広島,投手,右,右
佐々木 健,広島,投手,右,右
山口 翔,広島,投手,右,右
小林 樹斗,広島,投手,右,右
床田 寛樹,広島,投手,左,左
森浦 大輔,広島,投手,左,左
森下 暢仁,広島,投手,右,右
畝 章真,広島,投手,右,右
大瀬良 大地,広島,投手,右,右
大道 温貴,広島,投手,右,右
中村 恭平,広島,投手,左,左
中村 祐太,広島,投手,右,右
中田 廉,広島,投手,右,右
中﨑 翔太,広島,投手,右,右
田中 法彦,広島,投手,右,右
島内 颯太郎,広島,投手,右,右
藤井 黎來,広島,投手,右,右
野村 祐輔,広島,投手,右,右
矢崎 拓也,広島,投手,右,右
薮田 和樹,広島,投手,右,右
鈴木 寛人,広島,投手,右,右
塹江 敦哉,広島,投手,左,左
ドミンゲス,広島,投手,右,右
ハーン,広島,投手,左,左
益田 武尚,広島,投手,右,右
岡本 駿,広島,投手,右,左
河野 佳,広島,投手,右,右
菊地 ハルン,広島,投手,右,右
黒原 拓未,広島,投手,左,左
佐藤 柳之介,広島,投手,左,左
小船 翼,広島,投手,右,右
松本 竜也,広島,投手,右,右
常廣 羽也斗,広島,投手,右,右
森 翔平,広島,投手,左,左
杉原 望来,広島,投手,左,左
杉田 健,広島,投手,右,右
斉藤 優汰,広島,投手,右,左
赤塚 健利,広島,投手,右,右
滝田 一希,広島,投手,左,左
竹下 海斗,広島,投手,左,左
長谷部 銀次,広島,投手,左,左
辻 大雅,広島,投手,左,左
日髙 暖己,広島,投手,右,左
髙 太一,広島,投手,左,左
クロン,広島,内野手,右,右
メヒア,広島,内野手,右,右
安部 友裕,広島,内野手,右,左
羽月 隆太郎,広島,内野手,右,左
菊池 涼介,広島,内野手,右,右
三好 匠,広島,内野手,右,右
小園 海斗,広島,内野手,右,左
上本 崇司,広島,内野手,右,右
曽根 海成,広島,内野手,右,左
中神 拓都,広島,内野手,右,右
田中 広輔,広島,内野手,右,左
堂林 翔太,広島,内野手,右,右
韮澤 雄也,広島,内野手,右,左
矢野 雅哉,広島,内野手,右,左
林 晃汰,広島,内野手,右,左
桒原 樹,広島,内野手,右,左
モンテロ,広島,内野手,右,右
ラミレス,広島,内野手,右,右
佐々木 泰,広島,内野手,右,右
佐藤 啓介,広島,内野手,右,左
前川 誠太,広島,内野手,右,右
仲田 侑仁,広島,内野手,右,右
渡邉 悠斗,広島,内野手,右,右
内田 湘大,広島,内野手,右,右
磯村 嘉孝,広島,捕手,右,右
坂倉 将吾,広島,捕手,右,左
持丸 泰輝,広島,捕手,右,左
石原 貴規,広島,捕手,右,右
中村 奨成,広島,捕手,右,右
二俣 翔一,広島,捕手,右,右
白濱 裕太,広島,捕手,右,右
會澤 翼,広島,捕手,右,右
安竹 俊喜,広島,捕手,右,右
清水 叶人,広島,捕手,右,左
髙木 翔斗,広島,捕手,右,右
サンズ,阪神,外野手,右,右
ロハス・ジュニア,阪神,外野手,右,両
井上 広大,阪神,外野手,右,右
奥山 皓太,阪神,外野手,右,右
近本 光司,阪神,外野手,左,左
江越 大賀,阪神,外野手,右,右
糸井 嘉男,阪神,外野手,右,左
俊介,阪神,外野手,右,右
小野寺 暖,阪神,外野手,右,右
島田 海吏,阪神,外野手,右,左
板山 祐太郎,阪神,外野手,右,左
髙山 俊,阪神,外野手,右,左
ノイジー,阪神,外野手,右,右
ミエセス,阪神,外野手,右,右
井坪 陽生,阪神,外野手,右,右
森下 翔太,阪神,外野手,右,右
前川 右京,阪神,外野手,左,左
福島 圭音,阪神,外野手,右,左
豊田 寛,阪神,外野手,右,右
野口 恭佑,阪神,外野手,右,右
コンスエグラ,阪神,外野手,右,右
アルカンタラ,阪神,投手,右,右
エドワーズ,阪神,投手,右,右
ガンケル,阪神,投手,右,右
スアレス,阪神,投手,右,右
チェン・ウェイン,阪神,投手,左,右
伊藤 将司,阪神,投手,左,左
伊藤 和雄,阪神,投手,右,右
加治屋 蓮,阪神,投手,右,右
岩崎 優,阪神,投手,左,左
岩貞 祐太,阪神,投手,左,左
岩田 将貴,阪神,投手,左,左
岩田 稔,阪神,投手,左,左
及川 雅貴,阪神,投手,左,左
桑原 謙太朗,阪神,投手,右,右
佐藤 蓮,阪神,投手,右,右
才木 浩人,阪神,投手,右,右
守屋 功輝,阪神,投手,右,右
秋山 拓巳,阪神,投手,右,左
小川 一平,阪神,投手,右,右
小野 泰己,阪神,投手,右,右
小林 慶祐,阪神,投手,右,右
西 純矢,阪神,投手,右,右
西 勇輝,阪神,投手,右,右
青柳 晃洋,阪神,投手,右,右
石井 将希,阪神,投手,左,左
石井 大智,阪神,投手,右,右
川原 陸,阪神,投手,左,左
村上 頌樹,阪神,投手,右,左
中田 賢一,阪神,投手,右,右
島本 浩也,阪神,投手,左,左
湯浅 京己,阪神,投手,右,右
藤浪 晋太郎,阪神,投手,右,右
二保 旭,阪神,投手,右,右
馬場 皐輔,阪神,投手,右,右
尾仲 祐哉,阪神,投手,右,左
浜地 真澄,阪神,投手,右,右
望月 惇志,阪神,投手,右,右
牧 丈一郎,阪神,投手,右,左
鈴木 翔太,阪神,投手,右,右
齋藤 友貴哉,阪神,投手,右,左
髙橋 遥人,阪神,投手,左,左
ゲラ,阪神,投手,右,左
ビーズリー,阪神,投手,右,右
ベタンセス,阪神,投手,右,右
伊藤 稜,阪神,投手,左,左
茨木 秀俊,阪神,投手,右,右
岡留 英貴,阪神,投手,右,右
下村 海翔,阪神,投手,右,右
桐敷 拓馬,阪神,投手,左,左
松原 快,阪神,投手,右,右
森木 大智,阪神,投手,右,右
石黒 佑弥,阪神,投手,右,右
津田 淳哉,阪神,投手,右,右
椎葉 剛,阪神,投手,右,右
富田 蓮,阪神,投手,左,左
門別 啓人,阪神,投手,左,左
鈴木 勇斗,阪神,投手,左,左
デュプランティエ,阪神,投手,右,左
ドリス,阪神,投手,右,右
ネルソン,阪神,投手,右,右
ハートウィグ,阪神,投手,右,右
伊原 陵人,阪神,投手,左,左
工藤 泰成,阪神,投手,右,左
今朝丸 裕喜,阪神,投手,右,右
早川 太貴,阪神,投手,右,右
木下 里都,阪神,投手,右,右
マルテ,阪神,内野手,右,右
遠藤 成,阪神,内野手,右,左
熊谷 敬宥,阪神,内野手,右,右
荒木 郁也,阪神,内野手,右,左
佐藤 輝明,阪神,内野手,右,左
山本 泰寛,阪神,内野手,右,右
糸原 健斗,阪神,内野手,右,左
小幡 竜平,阪神,内野手,右,左
植田 海,阪神,内野手,右,両
大山 悠輔,阪神,内野手,右,右
中野 拓夢,阪神,内野手,右,左
藤谷 洸介,阪神,内野手,右,右
北條 史也,阪神,内野手,右,右
木浪 聖也,阪神,内野手,右,左
陽川 尚将,阪神,内野手,右,右
髙寺 望夢,阪神,内野手,右,左
アルナエス,阪神,内野手,右,右
戸井 零士,阪神,内野手,右,右
佐野 大陽,阪神,内野手,右,右
山田 脩也,阪神,内野手,右,右
川﨑 俊哲,阪神,内野手,右,左
百﨑 蒼生,阪神,内野手,右,右
原口 文仁,阪神,捕手,右,右
坂本 誠志郎,阪神,捕手,右,右
長坂 拳弥,阪神,捕手,右,右
藤田 健斗,阪神,捕手,右,右
梅野 隆太郎,阪神,捕手,右,右
片山 雄哉,阪神,捕手,右,左
榮枝 裕貴,阪神,捕手,右,右
中川 勇斗,阪神,捕手,右,右
町田 隼乙,阪神,捕手,右,右
嶋村 麟士朗,阪神,捕手,右,左
ジョセフ,西武,外野手,右,右
愛斗,西武,外野手,右,右
岸 潤一郎,西武,外野手,右,右
金子 侑司,西武,外野手,右,両
熊代 聖人,西武,外野手,右,右
栗山 巧,西武,外野手,右,左
戸川 大輔,西武,外野手,右,左
高木 渉,西武,外野手,右,左
若林 楽人,西武,外野手,右,右
西川 愛也,西武,外野手,右,左
川越 誠司,西武,外野手,左,左
仲三河 優太,西武,外野手,右,左
鈴木 将平,西武,外野手,左,左
ウメビンユオ オケム明,西武,外野手,右,右
モンテル,西武,外野手,右,右
奥村 光一,西武,外野手,右,右
古川 雄大,西武,外野手,右,右
渡部 聖弥,西武,外野手,右,右
蛭間 拓哉,西武,外野手,左,左
林 冠臣,西武,外野手,右,右
澤田 遥斗,西武,外野手,右,両
オケム,西武,外野手,右,右
ネビン,西武,外野手,右,右
ラマル,西武,外野手,右,右
ギャレット,西武,投手,右,右
ダーモディ,西武,投手,左,右
ニール,西武,投手,右,右
粟津 凱士,西武,投手,右,右
伊藤 翔,西武,投手,右,右
井上 広輝,西武,投手,右,右
榎田 大樹,西武,投手,左,左
吉川 光夫,西武,投手,左,左
宮川 哲,西武,投手,右,右
公文 克彦,西武,投手,左,左
今井 達也,西武,投手,右,右
佐野 泰雄,西武,投手,左,左
十亀 剣,西武,投手,右,右
出井 敏博,西武,投手,右,右
小川 龍也,西武,投手,左,左
松岡 洸希,西武,投手,右,右
松本 航,西武,投手,右,右
上間 永遠,西武,投手,右,右
森脇 亮介,西武,投手,右,右
水上 由伸,西武,投手,右,右
赤上 優人,西武,投手,右,右
増田 達至,西武,投手,右,右
多和田 真三郎,西武,投手,右,右
大曲 錬,西武,投手,右,右
大窪 士夢,西武,投手,右,右
中塚 駿太,西武,投手,右,右
田村 伊知郎,西武,投手,右,左
渡邉 勇太朗,西武,投手,右,右
豆田 泰志,西武,投手,右,右
内海 哲也,西武,投手,左,左
浜屋 将太,西武,投手,左,左
武隈 祥太,西武,投手,左,左
平井 克典,西武,投手,右,右
平良 海馬,西武,投手,右,左
本田 圭佑,西武,投手,右,右
與座 海人,西武,投手,右,右
齊藤 大将,西武,投手,左,左
髙橋 光成,西武,投手,右,右
アブレイユ,西武,投手,右,右
シンクレア,西武,投手,左,左
ボー・タカハシ,西武,投手,右,右
ヤン,西武,投手,左,左
ロペス,西武,投手,右,右
羽田 慎之介,西武,投手,左,左
宮澤 太成,西武,投手,右,右
隅田 知一郎,西武,投手,左,左
黒田 将矢,西武,投手,右,右
佐藤 隼輔,西武,投手,左,左
三浦 大輝,西武,投手,右,左
山田 陽翔,西武,投手,右,右
糸川 亮太,西武,投手,右,右
上田 大河,西武,投手,右,右
杉山 遙希,西武,投手,左,左
菅井 信也,西武,投手,左,左
成田 晴風,西武,投手,右,右
青山 美夏人,西武,投手,右,右
川下 将勲,西武,投手,左,左
武内 夏暉,西武,投手,左,左
木瀬 翔太,西武,投手,右,右
E.ラミレス,西武,投手,右,右
ウィンゲンター,西武,投手,右,右
佐藤 爽,西武,投手,左,左
篠原 響,西武,投手,右,右
狩生 聖真,西武,投手,右,右
冨士 大和,西武,投手,左,左
スパンジェンバーグ,西武,内野手,右,左
ブランドン,西武,内野手,右,右
外崎 修汰,西武,内野手,右,右
源田 壮亮,西武,内野手,右,左
呉 念庭,西武,内野手,右,左
綱島 龍生,西武,内野手,右,左
山川 穂高,西武,内野手,右,右
山村 崇嘉,西武,内野手,右,左
山田 遥楓,西武,内野手,右,右
山野辺 翔,西武,内野手,右,右
川野 涼多,西武,内野手,右,両
中村 剛也,西武,内野手,右,右
長谷川 信哉,西武,内野手,右,右
渡部 健人,西武,内野手,右,右
平沼 翔太,西武,内野手,右,左
アギラー,西武,内野手,右,右
セデーニョ,西武,内野手,右,右
ラマル ギービン ラタナヤケ,西武,内野手,右,右
金子 功児,西武,内野手,右,左
古賀 輝希,西武,内野手,右,左
佐藤 太陽,西武,内野手,右,左
児玉 亮涼,西武,内野手,右,右
村田 怜音,西武,内野手,右,右
滝澤 夏央,西武,内野手,右,左
谷口 朝陽,西武,内野手,右,右
仲田 慶介,西武,内野手,右,両
福尾 遥真,西武,内野手,右,左
野村 和輝,西武,内野手,右,右
齋藤 大翔,西武,内野手,右,右
デービス,西武,内野手,右,右
川野 涼太,西武,内野手,右,両
岡田 雅利,西武,捕手,右,右
駒月 仁人,西武,捕手,右,右
森 友哉,西武,捕手,右,左
中熊 大智,西武,捕手,右,左
柘植 世那,西武,捕手,右,右
牧野 翔矢,西武,捕手,右,左
齊藤 誠人,西武,捕手,右,左
古賀 悠斗,西武,捕手,右,右
古市 尊,西武,捕手,右,右
是澤 涼輔,西武,捕手,右,右
炭谷 銀仁朗,西武,捕手,右,右
野田 海人,西武,捕手,右,右
龍山 暖,西武,捕手,右,右
伊藤 康祐,中日,外野手,右,右
井領 雅貴,中日,外野手,右,左
遠藤 一星,中日,外野手,右,左
岡林 勇希,中日,外野手,右,左
加藤 翔平,中日,外野手,右,両
三好 大倫,中日,外野手,左,左
大島 洋平,中日,外野手,左,左
滝野 要,中日,外野手,右,左
渡辺 勝,中日,外野手,右,左
藤井 淳志,中日,外野手,右,両
武田 健吾,中日,外野手,右,右
福留 孝介,中日,外野手,右,左
平田 良介,中日,外野手,右,右
ガルシア,中日,外野手,右,左
ブライト 健太,中日,外野手,右,右
鵜飼 航丞,中日,外野手,右,右
福元 悠真,中日,外野手,右,右
ボスラー,中日,外野手,右,左
モニエル,中日,外野手,右,右
加藤 竜馬,中日,外野手,右,両
駿太,中日,外野手,右,左
尾田 剛樹,中日,外野手,左,左
濱 将乃介,中日,外野手,右,左
R.マルティネス,中日,投手,右,左
マルク,中日,投手,右,右
ロサリオ,中日,投手,左,左
岡田 俊哉,中日,投手,左,左
岡野 祐一郎,中日,投手,右,右
加藤 翼,中日,投手,右,右
垣越 建伸,中日,投手,左,左
笠原 祥太郎,中日,投手,左,左
丸山 泰資,中日,投手,右,右
橋本 侑樹,中日,投手,左,左
近藤 廉,中日,投手,左,左
佐藤 優,中日,投手,右,左
三ツ間 卓也,中日,投手,右,右
山井 大介,中日,投手,右,右
山本 拓実,中日,投手,右,右
勝野 昌慶,中日,投手,右,右
小笠原 慎之介,中日,投手,左,左
松田 亘哲,中日,投手,左,左
松木平 優太,中日,投手,右,右
松葉 貴大,中日,投手,左,左
上田 洸太朗,中日,投手,左,左
森 博人,中日,投手,右,右
清水 達也,中日,投手,右,右
石川 翔,中日,投手,右,左
祖父江 大輔,中日,投手,右,左
大野 雄大,中日,投手,左,左
谷元 圭介,中日,投手,右,右
竹内 龍臣,中日,投手,右,右
田島 慎二,中日,投手,右,右
藤嶋 健人,中日,投手,右,右
梅津 晃大,中日,投手,右,右
福 敬登,中日,投手,左,左
福谷 浩司,中日,投手,右,右
福島 章太,中日,投手,左,左
又吉 克樹,中日,投手,右,右
柳 裕也,中日,投手,右,右
鈴木 博志,中日,投手,右,右
濱田 達郎,中日,投手,左,左
髙橋 宏斗,中日,投手,右,右
タバーレス,中日,投手,右,右
石森 大誠,中日,投手,左,左
ウォルターズ,中日,投手,右,右
マラー,中日,投手,左,右
伊藤 茉央,中日,投手,右,左
井上 剣也,中日,投手,右,右
菊田 翔友,中日,投手,右,右
吉田 聖弥,中日,投手,左,左
金丸 夢斗,中日,投手,左,左
高橋 幸佑,中日,投手,左,左
三浦 瑞樹,中日,投手,左,右
松山 晋也,中日,投手,右,右
森山 暁生,中日,投手,左,左
草加 勝,中日,投手,右,右
仲地 礼亜,中日,投手,右,右
土生 翔太,中日,投手,右,右
梅野 雄吾,中日,投手,右,右
福田 幸之介,中日,投手,左,左
野中 天翔,中日,投手,左,左
有馬 惠叶,中日,投手,右,右
涌井 秀章,中日,投手,右,右
ビシエド,中日,内野手,右,右
ワカマツ,中日,内野手,右,両
阿部 寿樹,中日,内野手,右,右
京田 陽太,中日,内野手,右,左
溝脇 隼人,中日,内野手,右,左
高橋 周平,中日,内野手,右,左
根尾 昂,中日,内野手,右,左
三ツ俣 大樹,中日,内野手,右,右
石岡 諒太,中日,内野手,左,左
石垣 雅海,中日,内野手,右,右
石川 昂弥,中日,内野手,右,右
土田 龍空,中日,内野手,右,左
堂上 直倫,中日,内野手,右,右
福田 永将,中日,内野手,右,右
髙松 渡,中日,内野手,右,左
レビーラ,中日,内野手,右,右
星野 真生,中日,内野手,右,右
カリステ,中日,内野手,右,右
チェイビス,中日,内野手,右,右
森 駿太,中日,内野手,右,左
川上 理偉,中日,内野手,右,右
村松 開人,中日,内野手,右,左
中村 奈一輝,中日,内野手,右,右
津田 啓史,中日,内野手,右,右
辻本 倫太郎,中日,内野手,右,右
田中 幹也,中日,内野手,右,右
樋口 正修,中日,内野手,右,左
福永 裕基,中日,内野手,右,右
A.マルティネス,中日,捕手,右,右
郡司 裕也,中日,捕手,右,右
桂 依央利,中日,捕手,右,右
山下 斐紹,中日,捕手,右,左
石橋 康太,中日,捕手,右,右
大野 奨太,中日,捕手,右,右
木下 拓哉,中日,捕手,右,右
味谷 大誠,中日,捕手,右,左
山浅 龍之介,中日,捕手,右,左
石伊 雄太,中日,捕手,右,右
日渡 騰輝,中日,捕手,右,左
王 柏融,日本ハム,外野手,右,左
海老原 一佳,日本ハム,外野手,右,左
宮田 輝星,日本ハム,外野手,右,両
近藤 健介,日本ハム,外野手,右,左
五十幡 亮汰,日本ハム,外野手,右,左
今川 優馬,日本ハム,外野手,右,右
松本 剛,日本ハム,外野手,右,右
西川 遥輝,日本ハム,外野手,右,左
大田 泰示,日本ハム,外野手,右,右
谷口 雄也,日本ハム,外野手,右,左
片岡 奨人,日本ハム,外野手,右,左
万波 中正,日本ハム,外野手,右,右
木村 文紀,日本ハム,外野手,右,右
淺間 大基,日本ハム,外野手,右,左
スティーブンソン,日本ハム,外野手,左,左
レイエス,日本ハム,外野手,右,右
阿部 和広,日本ハム,外野手,右,両
宮崎 一樹,日本ハム,外野手,右,右
山口 アタル,日本ハム,外野手,右,右
星野 ひので,日本ハム,外野手,右,右
藤田 大清,日本ハム,外野手,右,左
平田 大樹,日本ハム,外野手,右,左
B.ロドリゲス,日本ハム,投手,右,右
アーリン,日本ハム,投手,左,右
バーヘイゲン,日本ハム,投手,右,右
伊藤 大海,日本ハム,投手,右,左
井口 和朋,日本ハム,投手,右,右
加藤 貴之,日本ハム,投手,左,左
河野 竜生,日本ハム,投手,左,左
柿木 蓮,日本ハム,投手,右,右
吉田 輝星,日本ハム,投手,右,右
宮西 尚生,日本ハム,投手,左,左
玉井 大翔,日本ハム,投手,右,右
金子 弌大,日本ハム,投手,右,左
高山 優希,日本ハム,投手,左,左
根本 悠楓,日本ハム,投手,左,左
斎藤 佑樹,日本ハム,投手,右,右
秋吉 亮,日本ハム,投手,右,右
松本 遼大,日本ハム,投手,右,右
上原 健太,日本ハム,投手,左,左
上沢 直之,日本ハム,投手,右,右
杉浦 稔大,日本ハム,投手,右,右
生田目 翼,日本ハム,投手,右,右
西村 天裕,日本ハム,投手,右,右
石川 直也,日本ハム,投手,右,右
村田 透,日本ハム,投手,右,左
谷川 昌希,日本ハム,投手,右,右
池田 隆英,日本ハム,投手,右,右
長谷川 凌汰,日本ハム,投手,右,左
田中 瑛斗,日本ハム,投手,右,左
姫野 優也,日本ハム,投手,右,右
福田 俊,日本ハム,投手,左,左
望月 大希,日本ハム,投手,右,右
北浦 竜次,日本ハム,投手,左,左
堀 瑞輝,日本ハム,投手,左,左
立野 和明,日本ハム,投手,右,右
鈴木 健矢,日本ハム,投手,右,左
鈴木 遼太郎,日本ハム,投手,右,右
齊藤 伸治,日本ハム,投手,右,右
ザバラ,日本ハム,投手,右,右
マーフィー,日本ハム,投手,右,右
安西 叶翔,日本ハム,投手,右,右
加藤 大和,日本ハム,投手,左,左
宮内 春輝,日本ハム,投手,右,右
金村 尚真,日本ハム,投手,右,右
細野 晴希,日本ハム,投手,左,左
山本 晃大,日本ハム,投手,左,左
松浦 慶斗,日本ハム,投手,左,左
清宮 虎多朗,日本ハム,投手,右,左
孫 易磊,日本ハム,投手,右,左
達 孝太,日本ハム,投手,右,右
中山 晶量,日本ハム,投手,右,右
畔柳 亨丞,日本ハム,投手,右,右
福島 蓮,日本ハム,投手,右,右
北山 亘基,日本ハム,投手,右,右
矢澤 宏太,日本ハム,投手,左,左
柳川 大晟,日本ハム,投手,右,右
古林 睿煬,日本ハム,投手,右,右
山城 航太郎,日本ハム,投手,右,右
柴田 獅子,日本ハム,投手,右,左
清水 大暉,日本ハム,投手,右,右
川勝 空人,日本ハム,投手,右,右
浅利 太門,日本ハム,投手,右,右
藤田 琉生,日本ハム,投手,左,左
澁谷 純希,日本ハム,投手,左,左
R.ロドリゲス,日本ハム,内野手,右,右
今井 順之助,日本ハム,内野手,右,左
佐藤 龍世,日本ハム,内野手,右,右
細川 凌平,日本ハム,内野手,右,左
上野 響平,日本ハム,内野手,右,右
杉谷 拳士,日本ハム,内野手,右,両
清宮 幸太郎,日本ハム,内野手,右,左
石井 一成,日本ハム,内野手,右,左
谷内 亮太,日本ハム,内野手,右,右
中島 卓也,日本ハム,内野手,右,左
渡邉 諒,日本ハム,内野手,右,右
難波 侑平,日本ハム,内野手,右,左
樋口 龍之介,日本ハム,内野手,右,右
野村 佑希,日本ハム,内野手,右,右
髙濱 祐仁,日本ハム,内野手,右,右
加藤 豪将,日本ハム,内野手,右,左
阪口 樂,日本ハム,内野手,右,左
山縣 秀,日本ハム,内野手,右,右
上川畑 大悟,日本ハム,内野手,右,左
水野 達稀,日本ハム,内野手,右,左
奈良間 大己,日本ハム,内野手,右,右
明瀬 諒介,日本ハム,内野手,右,右
有薗 直輝,日本ハム,内野手,右,右
濵田 泰希,日本ハム,内野手,右,右
宇佐見 真吾,日本ハム,捕手,右,左
郡 拓也,日本ハム,捕手,右,右
古川 裕大,日本ハム,捕手,右,左
清水 優心,日本ハム,捕手,右,右
石川 亮,日本ハム,捕手,右,右
鶴岡 慎也,日本ハム,捕手,右,右
田宮 裕涼,日本ハム,捕手,右,左
梅林 優貴,日本ハム,捕手,右,右
吉田 賢吾,日本ハム,捕手,右,右
進藤 勇也,日本ハム,捕手,右,右
マイカ与那嶺,日本ハム,捕手,右,右